Workbook
Name Am: #REF!
Name Am: [1]分割器计算!$B$11
Name Am: [2]分割器计算!$B$11
Name Am: [1]分割器计算!$B$11
Name Am: [2]分割器计算!$B$11
Name Am: [2]分割器计算!$B$11
Name Am: [2]分割器计算!$B$11
Name Am: [2]分割器计算!$B$11
Name Am: #REF!
Name Am: [1]分割器计算!$B$11
Name Am: #REF!
Name Am: [2]分割器计算!$B$11
Name Am: [2]分割器计算!$B$11
Name Am: [1]分割器计算!$B$11
Name Am: [2]分割器计算!$B$11
Name Am: #REF!
Name Am: [2]分割器计算!$B$11
Name Am: #REF!
Name Da: [3]擠壓螺紋下孔徑!$E$2
Name fs: #REF!
Name fs: [1]分割器计算!$B$18
Name fs: [2]分割器计算!$B$18
Name fs: [1]分割器计算!$B$18
Name fs: [2]分割器计算!$B$18
Name fs: [2]分割器计算!$B$18
Name fs: [2]分割器计算!$B$18
Name fs: [2]分割器计算!$B$18
Name fs: #REF!
Name fs: [1]分割器计算!$B$18
Name fs: #REF!
Name fs: [2]分割器计算!$B$18
Name fs: [2]分割器计算!$B$18
Name fs: [1]分割器计算!$B$18
Name fs: [2]分割器计算!$B$18
Name fs: #REF!
Name fs: [2]分割器计算!$B$18
Name fs: #REF!
Name g: 9.8
Name I_disc: #REF!
Name I_disc: [1]分割器计算!$D$5
Name I_disc: [2]分割器计算!$D$5
Name I_disc: [1]分割器计算!$D$5
Name I_disc: [2]分割器计算!$D$5
Name I_disc: [2]分割器计算!$D$5
Name I_disc: [2]分割器计算!$D$5
Name I_disc: [2]分割器计算!$D$5
Name I_disc: #REF!
Name I_disc: [1]分割器计算!$D$5
Name I_disc: #REF!
Name I_disc: [2]分割器计算!$D$5
Name I_disc: [2]分割器计算!$D$5
Name I_disc: [1]分割器计算!$D$5
Name I_disc: [2]分割器计算!$D$5
Name I_disc: #REF!
Name I_disc: [2]分割器计算!$D$5
Name I_disc: #REF!
Name I_fix: #REF!
Name I_fix: [1]分割器计算!$D$6
Name I_fix: [2]分割器计算!$D$6
Name I_fix: [1]分割器计算!$D$6

Sheet 总目录
A1: 非 标 设 计 最 强 自 动 计 算
A2: 类型 | B2: 电机选型（7） | C2: 皮带轮（8） | D2: 气动选型（7） | E2: 丝杆运动（2） | F2: 齿轮计算（7） | G2: 螺杆螺纹（8） | H2: 蜗杆计算（4）
A3: 菜单 | B3: 负载转矩计算 | C3: 皮带轮间歇运动 | D3: 气缸内径选型 | E3: 丝杠水平运动 | F3: 外啮合变位圆柱齿轮传动几何尺寸计算 | G3: 螺纹中小径计算 | H3: 圆柱蜗杆传动
B4: 惯量（惯性矩）计算 | C4: 皮带轮连续运动 | D4: 气缸推力计算 | E4: 丝杠垂直运动 | F4: 齿轮齿条 | G4: 公制/美制 粗螺纹 | H4: 圆柱蜗杆传动主要参数搭配推荐值
B5: 电机常识 | C5: 三角皮带长度计算 | D5: 气缸理论出力表 | E5: 皮带传动 | F5: 齿轮常用材料及其力学性能 | G5: 公制螺纹大全 | H5: 蜗轮传动
B6: 常用Y系列电机型号参数表 | C6: 三角皮带参数表 | D6: 真空吸盘的选型 | F6: 高度变位斜齿轮跨棒(球)距 | G6: 英制螺纹底孔对照表
B7: 电机功率确定程序 | C7: SPA、SPB带轮规格 | D7: 耗气量计算及电磁阀选择 | F7: 高变位齿轮尺寸计算 | G7: 美制特细螺纹&英制电器螺纹
B8: 伺服电机选型自动版 | C8: A型三角带规格 | D8: 真空元件的选定 | F8: 锥齿轮传动设计计算 | G8: 英制、美制管螺纹
B9: 减速机公称功率 | C9: B型三角带规格 | D9: 亚德客油压缓冲器 | F9: 齿轮齿条传动设计计算 | G9: 英制螺纹
B10: 步进电机与驱动选型 | C10: C型三角带规格 | D10: 气缸与系统选型指南 | F10: 齿轮齿条电机选型 | G10: 米制细牙螺纹
B11: 伺服电机和步进电机的区别 | D11: 气缸力计算及使用 | F11: 齿轮的换算公式 | G11: 挤压丝锥公制螺纹底孔直径
B12: 伺服电机选型 | D12: 气动元件的选型计算
A14: 类型 | B14: 单位换算（1） | C14: 带轮计算（2） | D14: 链轮&链条（5） | E14: 材料学（5） | F14: 键槽&销计算（5） | G14: 凸轮分割器选型（5） | H14: 其他公式（5）
A15: 菜单 | B15: 单位换算 | C15: 同步带轮传动设计 | D15: 链轮的基本参数 | E15: 常用工程材料属性 | F15: 外花键跨棒距 | G15: 分割器选型知识 | H15: 立柱计算
B16: 电机功率换算转矩（扭矩） | C16: 链条计算 | D16: 轴向齿廓及尺寸 | E16: 材料价格计算表 | F16: 内花键棒间距 | G16: 分度盘 | H16: 压入力计算
B17: 功率计算公式 | C17: 功率及张力计算 | D17: 链条长度计算 | E17: 常用材料硬度表 | F17: 键的强度计算 | G17: 圆盘 | H17: 弹性模量、泊松系数
B18: 所有换算单位 | C18: 张力逐点计算 | D18: 传动用短节距精密滚子链 | E18: 金属材料密度表 | F18: 销的强度计算 | G18: 间歇回转转盘运动 | H18: 焊缝及键连接受力计算比较
C19: 同步轮 | D19: 倍速链线马达功率计算 | E19: 塑料材料性能 | F19: 平键和键槽查询 | G19: 摇摆输送驱动 | H19: 稳定性系数
D20: 倍速链的张力计算 | E20: 七国铝合金牌号对照 | G20: 齿轮分割驱动 | H20: 几何体计算表
D21: 链轮齿槽形状 | E21: 七国钢材牌号对照表 | G21: 输送带式驱动 | H21: LED显示英寸计算长宽
D22: 传动用短节距精密滚子链轮参数计算表 | E22: 常用金属材料密度表 | G22: 传送带式凸轮分割器选型
E23: 常用材料力学性能 | G23: 回转圆盘式凸轮分割器选型
A25: 类型 | B25: 机械配合（4） | C25: 凸轮（5） | D25: 公差查询（4） | E25: 标准件A（4） | F25: 标准件B（5） | G25: 标准件C（2） | H25: 弹簧（2）
A26: 菜单 | B26: 转矩【扭矩】计算 | C26: 凸轮各曲线特征 | D26: 公差 | E26: 深沟球轴承规格表 | F26: 孔用弹性挡圈 | G26: 沉孔尺寸 | H26: 弹簧刚度计算大全
B27: 万向联轴器计算 | C27: 正弦加速度凸轮 | D27: 轴的基本偏差 | E27: 超越离合器设计 | F27: 轴用弹性挡圈 | G27: 塞打螺丝常用规格表 | H27: 弹簧计算
B28: 齿式联轴器计算 | C28: 正弦余弦对照表 | D28: 孔偏差 | E28: 推力球轴承尺寸表 | F28: 轴用E形扣环 | G28: UCT带滑块轴承座规格表 | H28: 压簧计算表
B29: 棘轮计算 | C29: 凸轮轮廓曲线设计 | D29: 形位公差 | E29: 圆锥滚子轴承 | F29: 扳手空间尺寸 | G29: 减速器选用方法 | H29: 氮气弹簧计算
D30: 尺寸链计算 | E30: T型槽尺寸 | F30: 紧固螺钉旋入深度及螺孔底孔深度 | G30: 超越离合器设计计算表
D31: 尺寸链知识 | F31: 常用螺栓强度极限＆屈服极限＆预紧力＆预紧力矩一览表
D32: 公差计算表
D33: 尺寸链计算表
A35: 类型 | B35: 冲压力计算 | C35: 力学性能 | D35: 力学性能2 | E35: 液压系统 | F35: 齿轮计算（7） | G35: 表面处理 | H35: 机械加工
A36: 菜单 | B36: 【理论】总冲裁力的计算 | C36: 圆 | D36: 空心正方形（圆） | E36: 液压油 | F36: 交错轴斜齿轮传动计算 | G36: 电镀余量参考 | H36: CNC钢料切削参数表
B37: 剪切力計算 | C37: 半圆环 | D37: 空心正方形 | E37: 缝隙.管路 | F37: 外啮合圆柱齿轮传动设计计算 | H37: 钢料加工参数参考表
B38: 板材压印成型之加工压力 | C38: 半圆 | D38: 六边形 | E38: 蓄能器 | F38: 外齿轮插齿、剃齿验算 | H38: CNC加工参数
B39: V型 弯曲力之计算 | C39: 带横孔圆 | D39: 三角形 | E39: 油箱.热平衡 | F39: 内齿轮插齿顶切验算 | H39: 立铣刀选用表
B40: U型 弯曲力之计算 | C40: 钢型截面 | D40: 扇形 | E40: 泵.马达 | F40: 准双曲面齿轮设计计算 | H40: 切削速度计算公式
B41: 卷料冲压效率 | C41: 花键 | D41: 扇形圆环 | E41: 油缸 | F41: 内齿轮传动计算及插齿刀验算
C42: 椭圆 | D42: 薄壁正方形 | E42: 液压冲击计算
C43: 空心椭圆 | D43: 正方形
C44: 空心圆 | D44: 机械设计常用计算公式

Sheet 回转圆盘式凸轮分割器选型
A1: 此表为转盘式分割器选型，在输入框中输入条件（E和F列），会自动计算出负载扭矩和所需马达功率，选择分割器时动态扭矩大于此数值即可，马达同样
E2: 只需输入此列数值
A4: 图示 | D4: 输入
D5: 内容 | E5: 值 | G5: 单位 | H5: 值转换 | J5: 转换后单位 | M5: 序号 | N5: 曲线类型 | O5: 用途
D6: 1.间歇分割数 N | E6: 6 | G6: NA | H6: =E6 -> 6 | J6: NA | M6: 1 | N6: 变形台（梯）形曲线 | O6: 高速和轻负载
D7: 2.每等分回转时间∶秒 _' C Y6 w8 U) R2 K6 ? | M7: 2 | N7: 变形正弦曲线 | O7: 中高速和中度负载
D8: 3.输入轴回转数,凸轮轴速度(每分钟回转数)∶n | E8: 80 | G8: rpm | H8: =E8 -> 80 | J8: rpm | M8: 3 | N8: 变形等速度曲线 | O8: 低速和重负载
D9: 3.凸轮曲线（一般有4种）∶ | E9: 变形正弦曲线 | G9: NA | H9: =E9 -> 变形正弦曲线 | J9: NA | M9: 4 | N9: 有理式曲线 | O9: 振动控制
D10: 4.回转盘尺寸，材质∶直径D*厚度h | E10: 300 | F10: 20 | G10: mm | H10: =E10/1000 -> 0.3 | I10: =F10/1000 -> 0.02 | J10: M
E11: S45C | G11: NA | H11: =E11 -> S45C | J11: NA
D12: 5.夹具重量∶ L- u, t3 i4 c; h' _ R | E12: 3 | G12: KG/组 | H12: =E12 -> 3 | J12: KG/组
D13: 6.工件(产品)重量: | E13: 0.25 | G13: KG/组 | H13: =E13 -> 0.25 | J13: KG/组
D14: 7.转盘依靠其底部滑动面支持本身重量负荷，有效半径∶R | E14: 100 | G14: mm | H14: =E14/1000 -> 0.1 | J14: M
D15: 8.夹具固定位置（节圆直径） | E15: 200 | G15: mm | H15: =E15/1000 -> 0.2 | J15: M
D16: 9.动静比 | E16: 1 | F16: 2 | G16: NA | H16: =E16/F16 -> 0.5 | J16: NA
B18: 负载扭矩 | C18: =D45 -> 5.2083798 | D18: KG.M
B19: 马达功率 | C19: =D48*1000 -> 352.56725 | D19: W
H21: 常量 | I21: pi | J21: 3.14
A22: 计算 | B22: 内容 | C22: 公式 | D22: 计算结果 | E22: 单位 | I22: G | J22: 9.8
A23: 1 | B23: 分割数 | C23: NA | D23: =H6 -> 6 | E23: NA | I23: S45C 密度 | J23: =IF(E11="S45C",7800,2700) -> 7800 | K23: KG/M^3
A24: 2 | B24: 转位角度（驱动角）𝜃h | D24: =360*(E16/(E16+F16)) -> 120 | E24: 度 | I24: AL 密度 | J24: 2700 | K24: KG/M^3
A25: 3 | B25: 入力轴转速 | C25: NA | D25: =H8 -> 80 | E25: rpm
A26: 4 | B26: 凸轮曲线 | C26: =H9 -> 变形正弦曲线 | D26: =H9 -> 变形正弦曲线 | E26: Vm | F26: 1.76
E27: Am | F27: 5.53
E28: Qm | F28: 0.99
A29: 5 | B29: 负载扭矩：Tt
B30: 5.1 惯性扭矩：Ti
B31: a:重量
B32: 转盘重量 W1 | C32: W1=密度*体积=ρ*π*r*r*h | D32: =J23*J21*(H10/2)*(H10/2)*I10 -> 11.0214 | E32: KG
B33: 夹具重量W2 | C33: W2=夹具重量*夹具数 | D33: =H12*H6 -> 18 | E33: KG
B34: 工件重量W3 | C34: W3=夹具重量*夹具数 | D34: =H13*H6 -> 1.5 | E34: KG
B35: b:回转盘惯性扭矩
B36: 转盘惯性距I1 | D36: =D32*H10/2*H10/2/2/J22 -> 0.012652117 | E36: KG.M.S.S
B37: 夹具惯性距I2 | D37: =D33*H15/2*H15/2/J22 -> 0.018367347 | E37: KG.M.S.S
B38: 工件惯性距I3 | D38: =D34*H15/2*H15/2/J22 -> 0.0015306122 | E38: KG.M.S.S
B39: c:总惯性矩I | C39: I=I1+I2+I3 | D39: =D36+D37+D38 -> 0.032550077 | E39: KG.M.S.S
B40: d:出力轴最大角加速度：α | D40: =F27*2*J21/D23*360*E8/D24/60*360*E8/D24/60 -> 92.609067 | E40: rad/(s.s)
B41: e:静扭矩（惯性扭矩）：Ti | C41: Ti=I*α | D41: =D39*D40 -> 3.0144322 | E41: kg.m
B42: 5.2 摩擦扭矩： Tf 摩擦系数取 u=0.15 | C42: Tf=u*W*Re | D42: =(D32+D33+D34)*0.15*H15/2 -> 0.457821 | E42: kg.m
B43: 5.3 工作扭矩 Tw | C43: 在间歇分割时没有作功因此Tw=0 | D43: 0 | E43: kg.m
B44: 5.4 以上总负载扭矩 Tt | C44: Tt=Ti+Tf+Tw | D44: =D41+D42+D43 -> 3.4722532 | E44: kg.m
A45: 6 | B45: 实际负载扭矩∶ Te 安全负载之因数 fc=1.5 | C45: Te=Tt*fc | D45: =D44*G45 -> 5.2083798 | E45: kg.m | F45: fc | G45: 1.5
A46: 7 | B46: 输入轴扭矩∶Tc 输入轴起动负载扭矩视为0,因此Tca=0 | D46: =360/D24/E6*F28*D45+0 -> 2.578148 | E46: kg.m
A47: 8 | B47: 计算所需之马力∶P 假设效率Q=60% | C47: P=Tc*n/(716*Q)(HP) | D47: =D46*E8/716/0.6 -> 0.48010205 | E47: HP
C48: P= Tc*n/(975*Q)(kw) | D48: =D46*E8/975/0.6 -> 0.35256725 | E48: KW
B49: 事实上，以上所计算数值为起动时最大马力，而连续传动所需之马力为1/2
A50: 9 | B50: 选择适用之间歇分割器
B51: 根据以上所计算之资料以及输入轴转速80rpm来选择，请参考说明书上所记载，凡是输出轴扭矩高于以上所计算之Te值者均可选用。
B52: 注：我公司建议安全因素考量
B53: 输入轴转速低于30rpm时，以30rpm计算
B54: 当驱动角度90°时，安全负载之因素fc=2.0计算

Sheet 传送带式凸轮分割器选型
A1: 传送带式凸轮分割器选型 | F1: 只需输入此列数值
A2: 凸轮分割器配合输出轴之齿轮装置应用于传动输送带，从而使输送带移动达到使用要求
A3: 图示 | D3: 输入 | M3: 序号 | N3: 曲线类型 | O3: 用途
D4: 序号 | E4: 内容 | F4: 值 | H4: 单位 | I4: 值转换 | K4: 转换后单位 | M4: 1 | N4: 变形台（梯）形曲线 | O4: 高速和轻负载
D5: 1 | E5: 输送带输送间距 Pc | F5: 239 | H5: mm | I5: =F5/10 -> 23.9 | K5: cm | M5: 2 | N5: 变形正弦曲线 | O5: 中高速和中度负载
D6: 2 | E6: 回转角度：𝜃h | F6: 120 | H6: 度 | I6: =F6 -> 120 | K6: =H6 -> 度 | M6: 3 | N6: 变形等速度曲线 | O6: 低速和重负载
D7: 3 | E7: 每行程运转时间 t | F7: 2 | H7: S/周期 | I7: =F7 -> 2 | K7: =H7 -> S/周期 | M7: 4 | N7: 有理式曲线 | O7: 振动控制
D8: 5 | E8: 凸轮曲线∶ | F8: 变形正弦曲线 | H8: NA | I8: =F8 -> 变形正弦曲线 | K8: NA
D9: 6 | E9: 主齿轮A 质量 W1 | F9: 8 | H9: KG | I9: =F9 -> 8 | K9: =H9 -> KG | M9: 常量 | N9: pi | O9: 3.14
D10: 7 | E10: 主齿轮A 节圆直径D1 | F10: 180 | H10: mm | I10: =F10/10 -> 18 | K10: cm | N10: G | O10: 9.8 | P10: =O10*100 -> 980
D11: 8 | E11: 从动齿轮B 质量 W2 | F11: 5 | H11: KG | I11: =F11 -> 5 | K11: =H11 -> KG | N11: S45C 密度 | O11: 7800 | P11: KG/M^3
D12: 9 | E12: 从动齿轮B 节圆直径D2 | F12: 100 | H12: mm | I12: =F12/10 -> 10 | K12: cm | N12: AL 密度 | O12: 2700 | P12: KG/M^3
D13: 10 | E13: 传动轴质量 W3 | F13: 4 | H13: KG/支 | I13: =F13 -> 4 | K13: =H13 -> KG/支
D14: 11 | E14: 传动轴数量 N3 | F14: 2 | H14: 支 | I14: =F14 -> 2 | K14: =H14 -> 支
D15: 12 | E15: 传动轴直径 | F15: 50 | H15: mm | I15: =F15/10 -> 5 | K15: cm
D16: 13 | E16: 链轮质量 W4 | F16: 5 | H16: KG/组 | I16: =F16 -> 5 | K16: =H16 -> KG/组
D17: 14 | E17: 链轮组数 N4 | F17: 4 | H17: 组 | I17: =F17 -> 4 | K17: =H17 -> 组
D18: 15 | E18: 链轮节圆直径 Dc | F18: 254 | H18: mm | I18: =F18/10 -> 25.4 | K18: cm
D19: 16 | E19: 链条质量 W5 | F19: 10 | H19: KG/组 | I19: =F19 -> 10 | K19: =H19 -> KG/组
D20: 17 | E20: 链条组数 N5 | F20: 2 | H20: 组 | I20: =F20 -> 2 | K20: =H20 -> 组
D21: 18 | E21: 夹具质量 W6 | F21: 0.7 | H21: KG/组 | I21: =F21 -> 0.7 | K21: =H21 -> KG/组
D22: 19 | E22: 夹具组数 N6 | F22: 20 | H22: 组 | I22: =F22 -> 20 | K22: =H22 -> 组
D23: 20 | E23: 工件质量 W7 | F23: 1 | H23: KG/组 | I23: =F23 -> 1 | K23: =H23 -> KG/组
D24: 21 | E24: 工件组数 | F24: 4 | H24: 组 | I24: =F24 -> 4 | K24: =H24 -> 组
D25: 22 | E25: 速度比 ：𝛾 | F25: =F10/F12 -> 1.8 | H25: NA | I25: =F25 -> 1.8 | K25: =H25 -> NA
E26: 输送带摩擦系数 | F26: 0.15
B27: 负载扭矩 | C27: =D57 -> 7.6878542 | D27: KG.M
B28: 马达功率 | C28: =D61*1000 -> 194.93464 | D28: W
A30: 计算 | B30: 内容 | C30: 公式 | D30: 计算结果 | E30: 单位
A31: 1 | B31: 定位等分（分割数）N | D31: =O9*F18*F25/F5 -> 6.006728 | E31: NA
A32: 2 | B32: 输入轴转速 | C32: n=60/t | D32: =60/I7 -> 30 | E32: rpm
A33: 3 | B33: 凸轮曲线 | C33: =I8 -> 变形正弦曲线 | D33: Vm | E33: 1.76
D34: Am | E34: 5.53
D35: Qm | E35: 0.99
A36: 4 | B36: 负载扭矩： Tt
A37: 4.1 | B37: 静扭矩（惯性扭矩）：Ti
B38: a:主动齿轮重量∶W1=8kg 节圆直径=φ180 那么主动齿轮惯性矩∶ | D38: =I9*I10/2*I10/2/2/P10 -> 0.33061224 | E38: kg,cm,s,s
B39: b:输送带惯性矩：
B40: ① 从动齿轮惯性距：I2 | D40: =I11*(I12/2*I12/2+I15/2*I15/2)/2/P10 -> 0.079719388 | E40: kg,cm,s,s
B41: ② 传动轴之惯性矩∶I3 | D41: =I13*I15/2*I15/2/2/P10*I14 -> 0.025510204 | E41: kg,cm,s,s
B42: ③ 链轮之惯性矩∶I4 | D42: =I16*(I18/2*I18/2+I15/2*I15/2)/2/P10*I17 -> 1.7095918 | E42: kg,cm,s,s
B43: ④ 链条之惯性矩∶I5 | D43: =I19*I18/2*I18/2/P10*I20 -> 3.2916327 | E43: kg,cm,s,s
B44: ⑤ 夹具之惯性矩∶I6 | D44: =I21*I18/2*I18/2/P10*I22 -> 2.3041429 | E44: kg,cm,s,s
B45: ⑥ 工件之惯性矩∶I7 | D45: =I23*I18/2*I18/2/P10*I24 -> 0.65832653 | E45: kg,cm,s,s
B46: ⑦ 因此输送带之总惯性矩∶IB | C46: IB=I2+I3+I4+I5+I6+I7 | D46: =D40+D41+D42+D43+D44+D45 -> 8.0689235 | E46: kg,cm,s,s
B47: c:输送带之有效总惯性矩∶IBe | D47: =D46*I10*I10/I12/I12 -> 26.143312 | E47: kg,cm,s,s
B48: d:总惯性矩为(a)+(c)之和:I | C48: I=IA+Ibe | D48: =D38+D47 -> 26.473924 | E48: kg,cm,s,s
B49: e:出力轴最大角加速度∶ | D49: =E34*2*O9/D31*360*360*D32*D32/I6/I6/60/60 -> 13.008563 | E49: rad.s.s
B50: f:静扭矩(惯性扭矩)∶Ti应为(d)项与(e)项相乘 | C50: Ti=I*𝛼 | D50: =D48*D49 -> 344.38771 | E50: kg.cm
A51: 5 | B51: 摩擦扭矩： Tf
B52: a:摩擦负荷应等于滑动面上链条和夹具的一半重量 和工件全部重量所造成之摩擦力 | C52: Tf=u.W.R | D52: =F26*(I19*I20/2+I21*I22/2+I23*I24)*I18/2 -> 40.005 | E52: kg.cm
B53: b:输送带之有效摩擦扭矩：Tfe | D53: =D52*I10/I12 -> 72.009 | E53: kg.cm
A54: 6 | B54: 工作扭矩∶Tw 在间歇分割时没有作功，因此Tw=0 | C54: Tw | D54: 0 | E54: kg.cm
A55: 7 | B55: 负载扭矩∶Tt | C55: Tt=Ti+Tf+Tw | D55: =D50+D52+D54 -> 384.39271 | E55: kg.cm | F55: =D55/100 -> 3.8439271 | G55: kg.m
B56: 注∶请认明所有数值单位，以免错误，重力引力加速度G=980cm／s.s;=9.8米／s.s
A57: 8 | B57: 实际负荷之矩∶Te，安全负荷之因数fe=24 | C57: Te=Tt*fc | D57: =F55*G57 -> 7.6878542 | E57: kg.m | F57: fc | G57: 2
A58: 9 | B58: 输入轴扭矩∶Tc | D58: =360/I6/D31*E35*D57+G58 -> 3.8012254 | E58: kg.m | F58: Tca | G58: 0
B59: 注∶输入轴起动负载扭矩视为0 ，因此Tca=0
A60: 10 | B60: 计算所需之马力∶P 假设效率Q=60% | C60: P=Tc*n/(716*Q)(HP) | D60: =D58*D32/716/0.6 -> 0.2654487 | E60: HP
C61: P= Tc*n/(975*Q)(kw) | D61: =D58*D32/975/0.6 -> 0.19493464 | E61: KW
B62: 事实上，以上所计算数值为起动时最大马力，而连续传动所需之马力为1/2
A63: 11 | B63: 选择所适用之间歇分割器
B64: 根据以上计算资料所得输入轴转速为30rpm，请参考说明书上所记载，凡是输出轴扭矩高于以上所计算之Te值者均可选用。
B65: Te=7.69(kg.m)应选RU-80DS型

Sheet 切削速度计算公式
A1: 车削速度计算（公众号：曼仑）
A2: YT15 | C2: Cv | D2: t(min) | E2: ap(mm) | F2: f(mm/r) | G2: V(m/min) | H2: v(r/min) | I2: D(mm)
B3: F≤0.3 | C3: 356 | D3: 180 | E3: 0.7 | F3: 0.3 | G3: =C3/(D3^0.2)/(E3^0.15)/(F3^0.2) -> 169.12451 | H3: =1000*G3/(3.142*I3) -> 522.59245 | I3: 103
B5: F≤0.75 | C5: 296 | D5: 240 | E5: 0.3 | F5: 0.7 | G5: =C5/(D5^0.2)/(E5^0.15)/(F5^0.35) -> 134.24464 | H5: =1000*G5/(3.142*I5) -> 414.81414 | I5: 103
B7: F＞0.75 | C7: 288 | D7: 240 | E7: 2.5 | F7: 0.75 | G7: =C7/(D7^0.2)/(E7^0.15)/(F7^0.45) -> 95.473242 | H7: =1000*G7/(3.142*I7) -> 296.73962 | I7: 102.4
A9: YG6 | B9: F>0.4 | C9: 292 | D9: 240 | E9: 2.5 | F9: 0.6 | G9: =C9/(D9^0.2)/(E9^0.15)/(F9^0.4) -> 104.32517 | H9: =1000*G9/(3.142*I9) -> 335.38816 | I9: 99
B10: F<0.4 | C10: 243 | D10: 240 | E10: 1.3 | F10: 0.3 | G10: =C10/(D10^0.2)/(E10^0.15)/(F10^0.4) -> 126.36419 | H10: =1000*G10/(3.142*I10) -> 395.84406 | I10: 101.6
A12: W18Cr4V | C12: 35 | E12: 3 | F12: 0.4 | G12: =C12/(E12^0.15)/(F12^0.4) -> 42.822879 | H12: =1000*G12/(3.142*I12) -> 168.67795 | I12: 80.8
A14: 铣削速度计算
A16: YG8(HB180) | B16: d(mm) | C16: Cv | D16: t(min) | E16: ap(mm) | F16: fz(mm/r) | G16: ae(mm) | H16: z | I16: V(m/min) | J16: v(r/min)
B17: 250 | D17: 300 | E17: 3 | F17: 0.08 | G17: 112 | H17: 16 | I17: =(89.4*B17^0.2)/(D17^0.15)/(E17^0.5)/(F17^0.4)/(G17^0.1)/(H17^0.1) -> 85.946246 | J17: =1000*I17/(3.14*B17) -> 109.48566
A18: 盘铣刀 | B18: 250 | C18: 55 | D18: 300 | E18: 3 | F18: 0.18 | G18: 112 | H18: 16 | I18: =(89.4*B18^0.25)/(D18^0.2)/(E18^0.3)/(F18^0.34)/(G18^0.1)/(H18^0.1) -> 69.204676 | J18: =1000*I18/(3.14*B18) -> 88.158823
A19: 立铣刀 | B19: 12 | D19: 120 | E19: 5.2 | F19: 0.03 | G19: 12 | H19: 3 | I19: =(75.5*B19^0.7)/(D19^0.25)/(E19^0.5)/(F19^0.2)/(G19^0.3)/(H19^0.3) -> 39.197813 | J19: =1000*I19/(3.14*B19) -> 1040.2817
A20: 套式面铣刀 | B20: 50 | D20: 180 | E20: 9.5 | F20: 0.12 | G20: 50 | H20: 3 | I20: =(382*B20^0.2)/(D20^0.2)/(E20^0.1)/(F20^0.4)/(G20^0.2) -> 252.09487 | J20: =1000*I20/(3.14*B20) -> 1605.6998
A21: 钻削速度计算
A22: W18Cr4V | C22: d(mm) | D22: t(min) | E22: f(mm/r) | F22: V(m/min) | G22: v(r/min) | H22: ap(mm)
B23: f<0.3mm/r | C23: 10.7 | D23: 300 | E23: 0.15 | F23: =14.2*C23^0.25/(D23^0.125)/(E23^0.55) -> 35.739127 | G23: =1000*F23/(3.14*C23) -> 1063.7278 | H23: 17.4
B24: f>0.3mm/r | C24: 18.5 | D24: 240 | E24: 0.315 | F24: =16.5*C24^0.25/(D24^0.125)/(E24^0.4) -> 27.379546 | G24: =1000*F24/(3.14*C24) -> 471.32977
B25: 扩孔 | C25: 14.3 | D25: 120 | E25: 0.5 | F25: =20.6*C25^0.6/(D25^0.25)/(H25^0.2)/(E25^0.5) -> 23.299791 | G25: =1000*F25/(3.14*C25) -> 518.90319 | H25: 22.5
B26: 铰孔 | C26: 15 | D26: 240 | E26: 0.2 | F26: =12.1*C26^0.3/(D26^0.4)/(H26^0.2)/(E26^0.65) -> 7.5448873 | G26: =1000*F26/(3.14*C26) -> 160.18869 | H26: 2
A28: 螺纹加工
C30: p(mm) | D30: d0(mm) | E30: Cv | F30: t(min) | G30: x | H30: m | I30: y | J30: V(m/min) | K30: v(r/min)
C31: 1.25 | D31: 8 | E31: 6.2 | F31: 30 | G31: 1.2 | H31: 0.6 | I31: 0.9 | J31: =E31*D31^G31/(F31^H31)/(C31^I31) -> 7.9911247 | K31: =1000*J31/(3.14*D31) -> 318.11802
D33: 102 | J33: 25 | K33: 22500
A35: 磨削切前用量的计算公式
C36: d | D36: v | E36: fB | F36: K1 | G36: K2 | H36: ft | I36: K3
A37: 外圆磨 | B37: 粗磨圆柱表面的横进给量 | C37: 101.6 | D37: 45 | E37: 25.2 | F37: 0.8 | G37: 1 | H37: =(0.044*C37^0.3*F37*G37)/D37/E37 -> 0.00012416458
B38: 精磨圆柱表面的横进给量 | H38: =(0.4*C38^0.5*F38*G38)/D38/E38 -> #DIV/0!
A39: 内圆磨 | B39: 粗磨内圆的横进给量 | H39: =(0.002*C39*F39*G39*I39)/D39/E39 -> #DIV/0!
B40: 粗磨内圆的横进给量 | C40: 22.2 | D40: 25 | E40: 10 | F40: 0.8 | G40: 1 | H40: =(0.067*C40^0.9*F40*G40*I40)/D40/E40 -> 0.0023389302 | I40: 0.67 | J40: D>12
H41: =(0.0104*C41^1.57*F41*G41*I41)/D41/E41 -> #DIV/0! | J41: D=10-12
A43: 滚齿、花键加工
A44: 钢 | B44: m=7-26 | C44: t | D44: f | E44: m | F44: V
C45: 960 | D45: 2.2 | E45: 8 | F45: =350/(C45^0.33)/(D45^0.5)/(E45^0.1) -> 19.879168 | G45: =1000*F45/(3.14*110) -> 57.554047

Sheet 立铣刀选用表
A1: 切速 | B1: 应用 | C1: ISO | D1: 材料 | E1: 操作 | F1: 优先级 | G1: 型号 | H1: 图形
A2: 范围 | B2: 场合 | C2: 分组 | E2: 方式
A3: 常规 | B3: 铣槽 | C3: P | D3: 钢HRC<=38 | E3: M | F3: 首选 | G3: 5501R302GM
A4: 常规 | B4: 铣槽 | C4: P | D4: 钢HRC<=38 | E4: M | F4: 首选 | G4: 5601R302GM
A5: 常规 | B5: 铣槽 | C5: P | D5: 钢HRC<=38 | E5: M | F5: 首选 | G5: 5502R302GM
A6: 常规 | B6: 铣槽 | C6: P | D6: 钢HRC<=38 | E6: M | F6: 首选 | G6: 5602R302GM
A7: 常规 | B7: 铣槽 | C7: P | D7: 钢HRC<=38 | E7: M | F7: 首选 | G7: 5108R302GM
A8: 常规 | B8: 铣槽 | C8: P | D8: 钢HRC<=38 | E8: R | F8: 首选 | G8: 5602R404GR
A9: 常规 | B9: 铣槽 | C9: P | D9: 钢HRC<=38 | E9: M | F9: 备选 | G9: 5501R303GM
A10: 常规 | B10: 铣槽 | C10: P | D10: 钢HRC<=38 | E10: M | F10: 备选 | G10: 5601R303GM
A11: 常规 | B11: 铣槽 | C11: P | D11: 钢HRC<=38 | E11: M | F11: 备选 | G11: 5502R303GM
A12: 常规 | B12: 铣槽 | C12: P | D12: 钢HRC<=38 | E12: M | F12: 备选 | G12: 5602R303GM
A13: 常规 | B13: 铣槽 | C13: P | D13: 钢HRC<=38 | E13: M | F13: 备选 | G13: 5108R303GM
A14: 常规 | B14: 铣槽 | C14: M | D14: 不锈钢 | E14: M | F14: 首选 | G14: 5501R302GM
... A149: 高速切削 | B149: 仿形铣削 | C149: H | D149: 淬硬钢材 | E149: H | F149: 备选 | G149: 5566R302GH

Sheet 常用螺栓强度极限＆屈服极限＆预紧力＆预紧力矩一览表
A1: 常用螺栓强度极限/屈服极限/预紧力/预紧力矩一览表（公众号：曼仑）
A2: 螺 栓 规 格 | B2: 螺栓型号 | C2: 螺栓公称直径D/MM | D2: 应力截面积/MM² | E2: 性能等级
E3: 3.6 | I3: 4.6 | M3: 4.8 | Q3: 5.6 | U3: 5.8 | Y3: 6.8 | AC3: 8.8 | AG3: 9.8 | AK3: 10.9 | AO3: 12.9
E4: 强度极限/N | F4: 屈服极限/N | G4: 预紧力/N | H4: 预紧力矩/N.M | I4: 强度极限/N | J4: 屈服极限/N | K4: 预紧力/N | L4: 预紧力矩/N.M | M4: 强度极限/N | N4: 屈服极限/N | O4: 预紧力/N | P4: 预紧力矩/N.M | Q4: 强度极限/N | R4: 屈服极限/N | S4: 预紧力/N | T4: 预紧力矩/N.M | U4: 强度极限/N | V4: 屈服极限/N | W4: 预紧力/N | X4: 预紧力矩/N.M | Y4: 强度极限/N | Z4: 屈服极限/N | AA4: 预紧力/N | AB4: 预紧力矩/N.M | AC4: 强度极限/N | AD4: 屈服极限/N | AE4: 预紧力/N | AF4: 预紧力矩/N.M | AG4: 强度极限/N | AH4: 屈服极限/N | AI4: 预紧力/N | AJ4: 预紧力矩/N.M | AK4: 强度极限/N | AL4: 屈服极限/N | AM4: 预紧力/N | AN4: 预紧力矩/N.M | AO4: 强度极限/N | AP4: 屈服极限/N | AQ4: 预紧力/N | AR4: 预紧力矩/N.M
B5: M1 | C5: 1 | D5: 0.46 | E5: =D5*300 -> 138 | F5: =D5*180 -> 82.8 | G5: =0.6*180*D5 -> 49.68 | H5: =G30*G5*C5*0.001 -> 0.014904 | I5: =D5*400 -> 184 | J5: =D5*240 -> 110.4 | K5: =J5*0.6 -> 66.24 | L5: =G30*K5*C5*0.001 -> 0.019872 | M5: =D5*400 -> 184 | N5: =D5*320 -> 147.2 | O5: =N5*0.6 -> 88.32 | P5: =G30*O5*C5*0.001 -> 0.026496 | Q5: =D5*500 -> 230 | R5: =D5*300 -> 138 | S5: =R5*0.6 -> 82.8 | T5: =G30*S5*C5*0.001 -> 0.02484 | U5: =D5*500 -> 230 | V5: =D5*400 -> 184 | W5: =V5*0.6 -> 110.4 | X5: =G30*C5*W5*0.001 -> 0.03312 | Y5: =D5*600 -> 276 | Z5: =D5*480 -> 220.8 | AA5: =Z5*0.6 -> 132.48 | AB5: =G30*C5*AA5*0.001 -> 0.039744 | AC5: =D5*800 -> 368 | AD5: =D5*640 -> 294.4 | AE5: =AD5*0.6 -> 176.64 | AF5: =G30*C5*AE5*0.001 -> 0.052992 | AG5: =D5*900 -> 414 | AH5: =D5*720 -> 331.2 | AI5: =AH5*0.6 -> 198.72 | AJ5: =G30*C5*AI5*0.001 -> 0.059616 | AK5: =D5*1000 -> 460 | AL5: =D5*900 -> 414 | AM5: =AL5*0.6 -> 248.4 | AN5: =G30*C5*AM5*0.001 -> 0.07452 | AO5: =D5*1200 -> 552 | AP5: =D5*1080 -> 496.8 | AQ5: =AP5*0.6 -> 298.08 | AR5: =G30*C5*AQ5*0.001 -> 0.089424
B6: M2 | C6: 2 | D6: 2.07 | E6: =D6*300 -> 621 | F6: =D6*180 -> 372.6 | G6: =0.6*180*D6 -> 223.56 | H6: =G30*G6*C6*0.001 -> 0.134136 | I6: =D6*400 -> 828 | J6: =D6*240 -> 496.8 | K6: =J6*0.6 -> 298.08 | L6: =G30*K6*C6*0.001 -> 0.178848 | M6: =D6*400 -> 828 | N6: =D6*320 -> 662.4 | O6: =N6*0.6 -> 397.44 | P6: =G30*O6*C6*0.001 -> 0.238464 | Q6: =D6*500 -> 1035 | R6: =D6*300 -> 621 | S6: =R6*0.6 -> 372.6 | T6: =G30*S6*C6*0.001 -> 0.22356 | U6: =D6*500 -> 1035 | V6: =D6*400 -> 828 | W6: =V6*0.6 -> 496.8 | X6: =G30*C6*W6*0.001 -> 0.29808 | Y6: =D6*600 -> 1242 | Z6: =D6*480 -> 993.6 | AA6: =Z6*0.6 -> 596.16 | AB6: =G30*C6*AA6*0.001 -> 0.357696 | AC6: =D6*800 -> 1656 | AD6: =D6*640 -> 1324.8 | AE6: =AD6*0.6 -> 794.88 | AF6: =G30*C6*AE6*0.001 -> 0.476928 | AG6: =D6*900 -> 1863 | AH6: =D6*720 -> 1490.4 | AI6: =AH6*0.6 -> 894.24 | AJ6: =G30*C6*AI6*0.001 -> 0.536544 | AK6: =D6*1000 -> 2070 | AL6: =D6*900 -> 1863 | AM6: =AL6*0.6 -> 1117.8 | AN6: =G30*C6*AM6*0.001 -> 0.67068 | AO6: =D6*1200 -> 2484 | AP6: =D6*1080 -> 2235.6 | AQ6: =AP6*0.6 -> 1341.36 | AR6: =G30*C6*AQ6*0.001 -> 0.804816
B7: M3 | C7: 3 | D7: 5.03 | E7: =D7*300 -> 1509 | F7: =D7*180 -> 905.4 | G7: =0.6*180*D7 -> 543.24 | H7: =G30*G7*C7*0.001 -> 0.488916 | I7: =D7*400 -> 2012 | J7: =D7*240 -> 1207.2 | K7: =J7*0.6 -> 724.32 | L7: =G30*K7*C7*0.001 -> 0.651888 | M7: =D7*400 -> 2012 | N7: =D7*320 -> 1609.6 | O7: =N7*0.6 -> 965.76 | P7: =G30*O7*C7*0.001 -> 0.869184 | Q7: =D7*500 -> 2515 | R7: =D7*300 -> 1509 | S7: =R7*0.6 -> 905.4 | T7: =G30*S7*C7*0.001 -> 0.81486 | U7: =D7*500 -> 2515 | V7: =D7*400 -> 2012 | W7: =V7*0.6 -> 1207.2 | X7: =G30*C7*W7*0.001 -> 1.08648 | Y7: =D7*600 -> 3018 | Z7: =D7*480 -> 2414.4 | AA7: =Z7*0.6 -> 1448.64 | AB7: =G30*C7*AA7*0.001 -> 1.303776 | AC7: =D7*800 -> 4024 | AD7: =D7*640 -> 3219.2 | AE7: =AD7*0.6 -> 1931.52 | AF7: =G30*C7*AE7*0.001 -> 1.738368 | AG7: =D7*900 -> 4527 | AH7: =D7*720 -> 3621.6 | AI7: =AH7*0.6 -> 2172.96 | AJ7: =G30*C7*AI7*0.001 -> 1.955664 | AK7: =D7*1000 -> 5030 | AL7: =D7*900 -> 4527 | AM7: =AL7*0.6 -> 2716.2 | AN7: =G30*C7*AM7*0.001 -> 2.44458 | AO7: =D7*1200 -> 6036 | AP7: =D7*1080 -> 5432.4 | AQ7: =AP7*0.6 -> 3259.44 | AR7: =G30*C7*AQ7*0.001 -> 2.933496
B8: M4 | C8: 4 | D8: 8.78 | E8: =D8*300 -> 2634 | F8: =D8*180 -> 1580.4 | G8: =0.6*180*D8 -> 948.24 | H8: =G30*G8*C8*0.001 -> 1.137888 | I8: =D8*400 -> 3512 | J8: =D8*240 -> 2107.2 | K8: =J8*0.6 -> 1264.32 | L8: =G30*K8*C8*0.001 -> 1.517184 | M8: =D8*400 -> 3512 | N8: =D8*320 -> 2809.6 | O8: =N8*0.6 -> 1685.76 | P8: =G30*O8*C8*0.001 -> 2.022912 | Q8: =D8*500 -> 4390 | R8: =D8*300 -> 2634 | S8: =R8*0.6 -> 1580.4 | T8: =G30*S8*C8*0.001 -> 1.89648 | U8: =D8*500 -> 4390 | V8: =D8*400 -> 3512 | W8: =V8*0.6 -> 2107.2 | X8: =G30*C8*W8*0.001 -> 2.52864 | Y8: =D8*600 -> 5268 | Z8: =D8*480 -> 4214.4 | AA8: =Z8*0.6 -> 2528.64 | AB8: =G30*C8*AA8*0.001 -> 3.034368 | AC8: =D8*800 -> 7024 | AD8: =D8*640 -> 5619.2 | AE8: =AD8*0.6 -> 3371.52 | AF8: =G30*C8*AE8*0.001 -> 4.045824 | AG8: =D8*900 -> 7902 | AH8: =D8*720 -> 6321.6 | AI8: =AH8*0.6 -> 3792.96 | AJ8: =G30*C8*AI8*0.001 -> 4.551552 | AK8: =D8*1000 -> 8780 | AL8: =D8*900 -> 7902 | AM8: =AL8*0.6 -> 4741.2 | AN8: =G30*C8*AM8*0.001 -> 5.68944 | AO8: =D8*1200 -> 10536 | AP8: =D8*1080 -> 9482.4 | AQ8: =AP8*0.6 -> 5689.44 | AR8: =G30*C8*AQ8*0.001 -> 6.827328
B9: M5 | C9: 5 | D9: 14.2 | E9: =D9*300 -> 4260 | F9: =D9*180 -> 2556 | G9: =0.6*180*D9 -> 1533.6 | H9: =G30*G9*C9*0.001 -> 2.3004 | I9: =D9*400 -> 5680 | J9: =D9*240 -> 3408 | K9: =J9*0.6 -> 2044.8 | L9: =G30*K9*C9*0.001 -> 3.0672 | M9: =D9*400 -> 5680 | N9: =D9*320 -> 4544 | O9: =N9*0.6 -> 2726.4 | P9: =G30*O9*C9*0.001 -> 4.0896 | Q9: =D9*500 -> 7100 | R9: =D9*300 -> 4260 | S9: =R9*0.6 -> 2556 | T9: =G30*S9*C9*0.001 -> 3.834 | U9: =D9*500 -> 7100 | V9: =D9*400 -> 5680 | W9: =V9*0.6 -> 3408 | X9: =G30*C9*W9*0.001 -> 5.112 | Y9: =D9*600 -> 8520 | Z9: =D9*480 -> 6816 | AA9: =Z9*0.6 -> 4089.6 | AB9: =G30*C9*AA9*0.001 -> 6.1344 | AC9: =D9*800 -> 11360 | AD9: =D9*640 -> 9088 | AE9: =AD9*0.6 -> 5452.8 | AF9: =G30*C9*AE9*0.001 -> 8.1792 | AG9: =D9*900 -> 12780 | AH9: =D9*720 -> 10224 | AI9: =AH9*0.6 -> 6134.4 | AJ9: =G30*C9*AI9*0.001 -> 9.2016 | AK9: =D9*1000 -> 14200 | AL9: =D9*900 -> 12780 | AM9: =AL9*0.6 -> 7668 | AN9: =G30*C9*AM9*0.001 -> 11.502 | AO9: =D9*1200 -> 17040 | AP9: =D9*1080 -> 15336 | AQ9: =AP9*0.6 -> 9201.6 | AR9: =G30*C9*AQ9*0.001 -> 13.8024
B10: M6 | C10: 6 | D10: 20.1 | E10: =D10*300 -> 6030 | F10: =D10*180 -> 3618 | G10: =0.6*180*D10 -> 2170.8 | H10: =G30*G10*C10*0.001 -> 3.90744 | I10: =D10*400 -> 8040 | J10: =D10*240 -> 4824 | K10: =J10*0.6 -> 2894.4 | L10: =G30*K10*C10*0.001 -> 5.20992 | M10: =D10*400 -> 8040 | N10: =D10*320 -> 6432 | O10: =N10*0.6 -> 3859.2 | P10: =G30*O10*C10*0.001 -> 6.94656 | Q10: =D10*500 -> 10050 | R10: =D10*300 -> 6030 | S10: =R10*0.6 -> 3618 | T10: =G30*S10*C10*0.001 -> 6.5124 | U10: =D10*500 -> 10050 | V10: =D10*400 -> 8040 | W10: =V10*0.6 -> 4824 | X10: =G30*C10*W10*0.001 -> 8.6832 | Y10: =D10*600 -> 12060 | Z10: =D10*480 -> 9648 | AA10: =Z10*0.6 -> 5788.8 | AB10: =G30*C10*AA10*0.001 -> 10.41984 | AC10: =D10*800 -> 16080 | AD10: =D10*640 -> 12864 | AE10: =AD10*0.6 -> 7718.4 | AF10: =G30*C10*AE10*0.001 -> 13.89312 | AG10: =D10*900 -> 18090 | AH10: =D10*720 -> 14472 | AI10: =AH10*0.6 -> 8683.2 | AJ10: =G30*C10*AI10*0.001 -> 15.62976 | AK10: =D10*1000 -> 20100 | AL10: =D10*900 -> 18090 | AM10: =AL10*0.6 -> 10854 | AN10: =G30*C10*AM10*0.001 -> 19.5372 | AO10: =D10*1200 -> 24120 | AP10: =D10*1080 -> 21708 | AQ10: =AP10*0.6 -> 13024.8 | AR10: =G30*C10*AQ10*0.001 -> 23.44464
B11: M8 | C11: 8 | D11: 36.6 | E11: =D11*300 -> 10980 | F11: =D11*180 -> 6588 | G11: =0.6*180*D11 -> 3952.8 | H11: =G30*G11*C11*0.001 -> 9.48672 | I11: =D11*400 -> 14640 | J11: =D11*240 -> 8784 | K11: =J11*0.6 -> 5270.4 | L11: =G30*K11*C11*0.001 -> 12.64896 | M11: =D11*400 -> 14640 | N11: =D11*320 -> 11712 | O11: =N11*0.6 -> 7027.2 | P11: =G30*O11*C11*0.001 -> 16.86528 | Q11: =D11*500 -> 18300 | R11: =D11*300 -> 10980 | S11: =R11*0.6 -> 6588 | T11: =G30*S11*C11*0.001 -> 15.8112 | U11: =D11*500 -> 18300 | V11: =D11*400 -> 14640 | W11: =V11*0.6 -> 8784 | X11: =G30*C11*W11*0.001 -> 21.0816 | Y11: =D11*600 -> 21960 | Z11: =D11*480 -> 17568 | AA11: =Z11*0.6 -> 10540.8 | AB11: =G30*C11*AA11*0.001 -> 25.29792 | AC11: =D11*800 -> 29280 | AD11: =D11*640 -> 23424 | AE11: =AD11*0.6 -> 14054.4 | AF11: =G30*C11*AE11*0.001 -> 33.73056 | AG11: =D11*900 -> 32940 | AH11: =D11*720 -> 26352 | AI11: =AH11*0.6 -> 15811.2 | AJ11: =G30*C11*AI11*0.001 -> 37.94688 | AK11: =D11*1000 -> 36600 | AL11: =D11*900 -> 32940 | AM11: =AL11*0.6 -> 19764 | AN11: =G30*C11*AM11*0.001 -> 47.4336 | AO11: =D11*1200 -> 43920 | AP11: =D11*1080 -> 39528 | AQ11: =AP11*0.6 -> 23716.8 | AR11: =G30*C11*AQ11*0.001 -> 56.92032
B12: M10 | C12: 10 | D12: 58 | E12: =D12*300 -> 17400 | F12: =D12*180 -> 10440 | G12: =0.6*180*D12 -> 6264 | H12: =G30*G12*C12*0.001 -> 18.792 | I12: =D12*400 -> 23200 | J12: =D12*240 -> 13920 | K12: =J12*0.6 -> 8352 | L12: =G30*K12*C12*0.001 -> 25.056 | M12: =D12*400 -> 23200 | N12: =D12*320 -> 18560 | O12: =N12*0.6 -> 11136 | P12: =G30*O12*C12*0.001 -> 33.408 | Q12: =D12*500 -> 29000 | R12: =D12*300 -> 17400 | S12: =R12*0.6 -> 10440 | T12: =G30*S12*C12*0.001 -> 31.32 | U12: =D12*500 -> 29000 | V12: =D12*400 -> 23200 | W12: =V12*0.6 -> 13920 | X12: =G30*C12*W12*0.001 -> 41.76 | Y12: =D12*600 -> 34800 | Z12: =D12*480 -> 27840 | AA12: =Z12*0.6 -> 16704 | AB12: =G30*C12*AA12*0.001 -> 50.112 | AC12: =D12*800 -> 46400 | AD12: =D12*640 -> 37120 | AE12: =AD12*0.6 -> 22272 | AF12: =G30*C12*AE12*0.001 -> 66.816 | AG12: =D12*900 -> 52200 | AH12: =D12*720 -> 41760 | AI12: =AH12*0.6 -> 25056 | AJ12: =G30*C12*AI12*0.001 -> 75.168 | AK12: =D12*1000 -> 58000 | AL12: =D12*900 -> 52200 | AM12: =AL12*0.6 -> 31320 | AN12: =G30*C12*AM12*0.001 -> 93.96 | AO12: =D12*1200 -> 69600 | AP12: =D12*1080 -> 62640 | AQ12: =AP12*0.6 -> 37584 | AR12: =G30*C12*AQ12*0.001 -> 112.752
B13: M12 | C13: 12 | D13: 84.3 | E13: =D13*300 -> 25290 | F13: =D13*180 -> 15174 | G13: =0.6*180*D13 -> 9104.4 | H13: =G30*G13*C13*0.001 -> 32.77584 | I13: =D13*400 -> 33720 | J13: =D13*240 -> 20232 | K13: =J13*0.6 -> 12139.2 | L13: =G30*K13*C13*0.001 -> 43.70112 | M13: =D13*400 -> 33720 | N13: =D13*320 -> 26976 | O13: =N13*0.6 -> 16185.6 | P13: =G30*O13*C13*0.001 -> 58.26816 | Q13: =D13*500 -> 42150 | R13: =D13*300 -> 25290 | S13: =R13*0.6 -> 15174 | T13: =G30*S13*C13*0.001 -> 54.6264 | U13: =D13*500 -> 42150 | V13: =D13*400 -> 33720 | W13: =V13*0.6 -> 20232 | X13: =G30*C13*W13*0.001 -> 72.8352 | Y13: =D13*600 -> 50580 | Z13: =D13*480 -> 40464 | AA13: =Z13*0.6 -> 24278.4 | AB13: =G30*C13*AA13*0.001 -> 87.40224 | AC13: =D13*800 -> 67440 | AD13: =D13*640 -> 53952 | AE13: =AD13*0.6 -> 32371.2 | AF13: =G30*C13*AE13*0.001 -> 116.53632 | AG13: =D13*900 -> 75870 | AH13: =D13*720 -> 60696 | AI13: =AH13*0.6 -> 36417.6 | AJ13: =G30*C13*AI13*0.001 -> 131.10336 | AK13: =D13*1000 -> 84300 | AL13: =D13*900 -> 75870 | AM13: =AL13*0.6 -> 45522 | AN13: =G30*C13*AM13*0.001 -> 163.8792 | AO13: =D13*1200 -> 101160 | AP13: =D13*1080 -> 91044 | AQ13: =AP13*0.6 -> 54626.4 | AR13: =G30*C13*AQ13*0.001 -> 196.65504
B14: M14 | C14: 14 | D14: 115 | E14: =D14*300 -> 34500 | F14: =D14*180 -> 20700 | G14: =0.6*180*D14 -> 12420 | H14: =G30*G14*C14*0.001 -> 52.164 | I14: =D14*400 -> 46000 | J14: =D14*240 -> 27600 | K14: =J14*0.6 -> 16560 | L14: =G30*K14*C14*0.001 -> 69.552 | M14: =D14*400 -> 46000 | N14: =D14*320 -> 36800 | O14: =N14*0.6 -> 22080 | P14: =G30*O14*C14*0.001 -> 92.736 | Q14: =D14*500 -> 57500 | R14: =D14*300 -> 34500 | S14: =R14*0.6 -> 20700 | T14: =G30*S14*C14*0.001 -> 86.94 | U14: =D14*500 -> 57500 | V14: =D14*400 -> 46000 | W14: =V14*0.6 -> 27600 | X14: =G30*C14*W14*0.001 -> 115.92 | Y14: =D14*600 -> 69000 | Z14: =D14*480 -> 55200 | AA14: =Z14*0.6 -> 33120 | AB14: =G30*C14*AA14*0.001 -> 139.104 | AC14: =D14*800 -> 92000 | AD14: =D14*640 -> 73600 | AE14: =AD14*0.6 -> 44160 | AF14: =G30*C14*AE14*0.001 -> 185.472 | AG14: =D14*900 -> 103500 | AH14: =D14*720 -> 82800 | AI14: =AH14*0.6 -> 49680 | AJ14: =G30*C14*AI14*0.001 -> 208.656 | AK14: =D14*1000 -> 115000 | AL14: =D14*900 -> 103500 | AM14: =AL14*0.6 -> 62100 | AN14: =G30*C14*AM14*0.001 -> 260.82 | AO14: =D14*1200 -> 138000 | AP14: =D14*1080 -> 124200 | AQ14: =AP14*0.6 -> 74520 | AR14: =G30*C14*AQ14*0.001 -> 312.984
B15: M16 | C15: 16 | D15: 157 | E15: =D15*300 -> 47100 | F15: =D15*180 -> 28260 | G15: =0.6*180*D15 -> 16956 | H15: =G30*G15*C15*0.001 -> 81.3888 | I15: =D15*400 -> 62800 | J15: =D15*240 -> 37680 | K15: =J15*0.6 -> 22608 | L15: =G30*K15*C15*0.001 -> 108.5184 | M15: =D15*400 -> 62800 | N15: =D15*320 -> 50240 | O15: =N15*0.6 -> 30144 | P15: =G30*O15*C15*0.001 -> 144.6912 | Q15: =D15*500 -> 78500 | R15: =D15*300 -> 47100 | S15: =R15*0.6 -> 28260 | T15: =G30*S15*C15*0.001 -> 135.648 | U15: =D15*500 -> 78500 | V15: =D15*400 -> 62800 | W15: =V15*0.6 -> 37680 | X15: =G30*C15*W15*0.001 -> 180.864 | Y15: =D15*600 -> 94200 | Z15: =D15*480 -> 75360 | AA15: =Z15*0.6 -> 45216 | AB15: =G30*C15*AA15*0.001 -> 217.0368 | AC15: =D15*800 -> 125600 | AD15: =D15*640 -> 100480 | AE15: =AD15*0.6 -> 60288 | AF15: =G30*C15*AE15*0.001 -> 289.3824 | AG15: =D15*900 -> 141300 | AH15: =D15*720 -> 113040 | AI15: =AH15*0.6 -> 67824 | AJ15: =G30*C15*AI15*0.001 -> 325.5552 | AK15: =D15*1000 -> 157000 | AL15: =D15*900 -> 141300 | AM15: =AL15*0.6 -> 84780 | AN15: =G30*C15*AM15*0.001 -> 406.944 | AO15: =D15*1200 -> 188400 | AP15: =D15*1080 -> 169560 | AQ15: =AP15*0.6 -> 101736 | AR15: =G30*C15*AQ15*0.001 -> 488.3328
B16: M18 | C16: 18 | D16: 192 | E16: =D16*300 -> 57600 | F16: =D16*180 -> 34560 | G16: =0.6*180*D16 -> 20736 | H16: =G30*G16*C16*0.001 -> 111.9744 | I16: =D16*400 -> 76800 | J16: =D16*240 -> 46080 | K16: =J16*0.6 -> 27648 | L16: =G30*K16*C16*0.001 -> 149.2992 | M16: =D16*400 -> 76800 | N16: =D16*320 -> 61440 | O16: =N16*0.6 -> 36864 | P16: =G30*O16*C16*0.001 -> 199.0656 | Q16: =D16*500 -> 96000 | R16: =D16*300 -> 57600 | S16: =R16*0.6 -> 34560 | T16: =G30*S16*C16*0.001 -> 186.624 | U16: =D16*500 -> 96000 | V16: =D16*400 -> 76800 | W16: =V16*0.6 -> 46080 | X16: =G30*C16*W16*0.001 -> 248.832 | Y16: =D16*600 -> 115200 | Z16: =D16*480 -> 92160 | AA16: =Z16*0.6 -> 55296 | AB16: =G30*C16*AA16*0.001 -> 298.5984 | AC16: =D16*800 -> 153600 | AD16: =D16*640 -> 122880 | AE16: =AD16*0.6 -> 73728 | AF16: =G30*C16*AE16*0.001 -> 398.1312 | AG16: =D16*900 -> 172800 | AH16: =D16*720 -> 138240 | AI16: =AH16*0.6 -> 82944 | AJ16: =G30*C16*AI16*0.001 -> 447.8976 | AK16: =D16*1000 -> 192000 | AL16: =D16*900 -> 172800 | AM16: =AL16*0.6 -> 103680 | AN16: =G30*C16*AM16*0.001 -> 559.872 | AO16: =D16*1200 -> 230400 | AP16: =D16*1080 -> 207360 | AQ16: =AP16*0.6 -> 124416 | AR16: =G30*C16*AQ16*0.001 -> 671.8464
B17: M20 | C17: 20 | D17: 245 | E17: =D17*300 -> 73500 | F17: =D17*180 -> 44100 | G17: =0.6*180*D17 -> 26460 | H17: =G30*G17*C17*0.001 -> 158.76 | I17: =D17*400 -> 98000 | J17: =D17*240 -> 58800 | K17: =J17*0.6 -> 35280 | L17: =G30*K17*C17*0.001 -> 211.68 | M17: =D17*400 -> 98000 | N17: =D17*320 -> 78400 | O17: =N17*0.6 -> 47040 | P17: =G30*O17*C17*0.001 -> 282.24 | Q17: =D17*500 -> 122500 | R17: =D17*300 -> 73500 | S17: =R17*0.6 -> 44100 | T17: =G30*S17*C17*0.001 -> 264.6 | U17: =D17*500 -> 122500 | V17: =D17*400 -> 98000 | W17: =V17*0.6 -> 58800 | X17: =G30*C17*W17*0.001 -> 352.8 | Y17: =D17*600 -> 147000 | Z17: =D17*480 -> 117600 | AA17: =Z17*0.6 -> 70560 | AB17: =G30*C17*AA17*0.001 -> 423.36 | AC17: =D17*800 -> 196000 | AD17: =D17*640 -> 156800 | AE17: =AD17*0.6 -> 94080 | AF17: =G30*C17*AE17*0.001 -> 564.48 | AG17: =D17*900 -> 220500 | AH17: =D17*720 -> 176400 | AI17: =AH17*0.6 -> 105840 | AJ17: =G30*C17*AI17*0.001 -> 635.04 | AK17: =D17*1000 -> 245000 | AL17: =D17*900 -> 220500 | AM17: =AL17*0.6 -> 132300 | AN17: =G30*C17*AM17*0.001 -> 793.8 | AO17: =D17*1200 -> 294000 | AP17: =D17*1080 -> 264600 | AQ17: =AP17*0.6 -> 158760 | AR17: =G30*C17*AQ17*0.001 -> 952.56
B18: M22 | C18: 22 | D18: 303 | E18: =D18*300 -> 90900 | F18: =D18*180 -> 54540 | G18: =0.6*180*D18 -> 32724 | H18: =G30*G18*C18*0.001 -> 215.9784 | I18: =D18*400 -> 121200 | J18: =D18*240 -> 72720 | K18: =J18*0.6 -> 43632 | L18: =G30*K18*C18*0.001 -> 287.9712 | M18: =D18*400 -> 121200 | N18: =D18*320 -> 96960 | O18: =N18*0.6 -> 58176 | P18: =G30*O18*C18*0.001 -> 383.9616 | Q18: =D18*500 -> 151500 | R18: =D18*300 -> 90900 | S18: =R18*0.6 -> 54540 | T18: =G30*S18*C18*0.001 -> 359.964 | U18: =D18*500 -> 151500 | V18: =D18*400 -> 121200 | W18: =V18*0.6 -> 72720 | X18: =G30*C18*W18*0.001 -> 479.952 | Y18: =D18*600 -> 181800 | Z18: =D18*480 -> 145440 | AA18: =Z18*0.6 -> 87264 | AB18: =G30*C18*AA18*0.001 -> 575.9424 | AC18: =D18*800 -> 242400 | AD18: =D18*640 -> 193920 | AE18: =AD18*0.6 -> 116352 | AF18: =G30*C18*AE18*0.001 -> 767.9232 | AG18: =D18*900 -> 272700 | AH18: =D18*720 -> 218160 | AI18: =AH18*0.6 -> 130896 | AJ18: =G30*C18*AI18*0.001 -> 863.9136 | AK18: =D18*1000 -> 303000 | AL18: =D18*900 -> 272700 | AM18: =AL18*0.6 -> 163620 | AN18: =G30*C18*AM18*0.001 -> 1079.892 | AO18: =D18*1200 -> 363600 | AP18: =D18*1080 -> 327240 | AQ18: =AP18*0.6 -> 196344 | AR18: =G30*C18*AQ18*0.001 -> 1295.8704
B19: M24 | C19: 24 | D19: 353 | E19: =D19*300 -> 105900 | F19: =D19*180 -> 63540 | G19: =0.6*180*D19 -> 38124 | H19: =G30*G19*C19*0.001 -> 274.4928 | I19: =D19*400 -> 141200 | J19: =D19*240 -> 84720 | K19: =J19*0.6 -> 50832 | L19: =G30*K19*C19*0.001 -> 365.9904 | M19: =D19*400 -> 141200 | N19: =D19*320 -> 112960 | O19: =N19*0.6 -> 67776 | P19: =G30*O19*C19*0.001 -> 487.9872 | Q19: =D19*500 -> 176500 | R19: =D19*300 -> 105900 | S19: =R19*0.6 -> 63540 | T19: =G30*S19*C19*0.001 -> 457.488 | U19: =D19*500 -> 176500 | V19: =D19*400 -> 141200 | W19: =V19*0.6 -> 84720 | X19: =G30*C19*W19*0.001 -> 609.984 | Y19: =D19*600 -> 211800 | Z19: =D19*480 -> 169440 | AA19: =Z19*0.6 -> 101664 | AB19: =G30*C19*AA19*0.001 -> 731.9808 | AC19: =D19*800 -> 282400 | AD19: =D19*640 -> 225920 | AE19: =AD19*0.6 -> 135552 | AF19: =G30*C19*AE19*0.001 -> 975.9744 | AG19: =D19*900 -> 317700 | AH19: =D19*720 -> 254160 | AI19: =AH19*0.6 -> 152496 | AJ19: =G30*C19*AI19*0.001 -> 1097.9712 | AK19: =D19*1000 -> 353000 | AL19: =D19*900 -> 317700 | AM19: =AL19*0.6 -> 190620 | AN19: =G30*C19*AM19*0.001 -> 1372.464 | AO19: =D19*1200 -> 423600 | AP19: =D19*1080 -> 381240 | AQ19: =AP19*0.6 -> 228744 | AR19: =G30*C19*AQ19*0.001 -> 1646.9568
B20: M27 | C20: 27 | D20: 459 | E20: =D20*300 -> 137700 | F20: =D20*180 -> 82620 | G20: =0.6*180*D20 -> 49572 | H20: =G30*G20*C20*0.001 -> 401.5332 | I20: =D20*400 -> 183600 | J20: =D20*240 -> 110160 | K20: =J20*0.6 -> 66096 | L20: =G30*K20*C20*0.001 -> 535.3776 | M20: =D20*400 -> 183600 | N20: =D20*320 -> 146880 | O20: =N20*0.6 -> 88128 | P20: =G30*O20*C20*0.001 -> 713.8368 | Q20: =D20*500 -> 229500 | R20: =D20*300 -> 137700 | S20: =R20*0.6 -> 82620 | T20: =G30*S20*C20*0.001 -> 669.222 | U20: =D20*500 -> 229500 | V20: =D20*400 -> 183600 | W20: =V20*0.6 -> 110160 | X20: =G30*C20*W20*0.001 -> 892.296 | Y20: =D20*600 -> 275400 | Z20: =D20*480 -> 220320 | AA20: =Z20*0.6 -> 132192 | AB20: =G30*C20*AA20*0.001 -> 1070.7552 | AC20: =D20*800 -> 367200 | AD20: =D20*640 -> 293760 | AE20: =AD20*0.6 -> 176256 | AF20: =G30*C20*AE20*0.001 -> 1427.6736 | AG20: =D20*900 -> 413100 | AH20: =D20*720 -> 330480 | AI20: =AH20*0.6 -> 198288 | AJ20: =G30*C20*AI20*0.001 -> 1606.1328 | AK20: =D20*1000 -> 459000 | AL20: =D20*900 -> 413100 | AM20: =AL20*0.6 -> 247860 | AN20: =G30*C20*AM20*0.001 -> 2007.666 | AO20: =D20*1200 -> 550800 | AP20: =D20*1080 -> 495720 | AQ20: =AP20*0.6 -> 297432 | AR20: =G30*C20*AQ20*0.001 -> 2409.1992
B21: M30 | C21: 30 | D21: 561 | E21: =D21*300 -> 168300 | F21: =D21*180 -> 100980 | G21: =0.6*180*D21 -> 60588 | H21: =G30*G21*C21*0.001 -> 545.292 | I21: =D21*400 -> 224400 | J21: =D21*240 -> 134640 | K21: =J21*0.6 -> 80784 | L21: =G30*K21*C21*0.001 -> 727.056 | M21: =D21*400 -> 224400 | N21: =D21*320 -> 179520 | O21: =N21*0.6 -> 107712 | P21: =G30*O21*C21*0.001 -> 969.408 | Q21: =D21*500 -> 280500 | R21: =D21*300 -> 168300 | S21: =R21*0.6 -> 100980 | T21: =G30*S21*C21*0.001 -> 908.82 | U21: =D21*500 -> 280500 | V21: =D21*400 -> 224400 | W21: =V21*0.6 -> 134640 | X21: =G30*C21*W21*0.001 -> 1211.76 | Y21: =D21*600 -> 336600 | Z21: =D21*480 -> 269280 | AA21: =Z21*0.6 -> 161568 | AB21: =G30*C21*AA21*0.001 -> 1454.112 | AC21: =D21*800 -> 448800 | AD21: =D21*640 -> 359040 | AE21: =AD21*0.6 -> 215424 | AF21: =G30*C21*AE21*0.001 -> 1938.816 | AG21: =D21*900 -> 504900 | AH21: =D21*720 -> 403920 | AI21: =AH21*0.6 -> 242352 | AJ21: =G30*C21*AI21*0.001 -> 2181.168 | AK21: =D21*1000 -> 561000 | AL21: =D21*900 -> 504900 | AM21: =AL21*0.6 -> 302940 | AN21: =G30*C21*AM21*0.001 -> 2726.46 | AO21: =D21*1200 -> 673200 | AP21: =D21*1080 -> 605880 | AQ21: =AP21*0.6 -> 363528 | AR21: =G30*C21*AQ21*0.001 -> 3271.752
B22: M33 | C22: 33 | D22: 694 | E22: =D22*300 -> 208200 | F22: =D22*180 -> 124920 | G22: =0.6*180*D22 -> 74952 | H22: =G30*G22*C22*0.001 -> 742.0248 | I22: =D22*400 -> 277600 | J22: =D22*240 -> 166560 | K22: =J22*0.6 -> 99936 | L22: =G30*K22*C22*0.001 -> 989.3664 | M22: =D22*400 -> 277600 | N22: =D22*320 -> 222080 | O22: =N22*0.6 -> 133248 | P22: =G30*O22*C22*0.001 -> 1319.1552 | Q22: =D22*500 -> 347000 | R22: =D22*300 -> 208200 | S22: =R22*0.6 -> 124920 | T22: =G30*S22*C22*0.001 -> 1236.708 | U22: =D22*500 -> 347000 | V22: =D22*400 -> 277600 | W22: =V22*0.6 -> 166560 | X22: =G30*C22*W22*0.001 -> 1648.944 | Y22: =D22*600 -> 416400 | Z22: =D22*480 -> 333120 | AA22: =Z22*0.6 -> 199872 | AB22: =G30*C22*AA22*0.001 -> 1978.7328 | AC22: =D22*800 -> 555200 | AD22: =D22*640 -> 444160 | AE22: =AD22*0.6 -> 266496 | AF22: =G30*C22*AE22*0.001 -> 2638.3104 | AG22: =D22*900 -> 624600 | AH22: =D22*720 -> 499680 | AI22: =AH22*0.6 -> 299808 | AJ22: =G30*C22*AI22*0.001 -> 2968.0992 | AK22: =D22*1000 -> 694000 | AL22: =D22*900 -> 624600 | AM22: =AL22*0.6 -> 374760 | AN22: =G30*C22*AM22*0.001 -> 3710.124 | AO22: =D22*1200 -> 832800 | AP22: =D22*1080 -> 749520 | AQ22: =AP22*0.6 -> 449712 | AR22: =G30*C22*AQ22*0.001 -> 4452.1488
B23: M36 | C23: 36 | D23: 817 | E23: =D23*300 -> 245100 | F23: =D23*180 -> 147060 | G23: =0.6*180*D23 -> 88236 | H23: =G30*G23*C23*0.001 -> 952.9488 | I23: =D23*400 -> 326800 | J23: =D23*240 -> 196080 | K23: =J23*0.6 -> 117648 | L23: =G30*K23*C23*0.001 -> 1270.5984 | M23: =D23*400 -> 326800 | N23: =D23*320 -> 261440 | O23: =N23*0.6 -> 156864 | P23: =G30*O23*C23*0.001 -> 1694.1312 | Q23: =D23*500 -> 408500 | R23: =D23*300 -> 245100 | S23: =R23*0.6 -> 147060 | T23: =G30*S23*C23*0.001 -> 1588.248 | U23: =D23*500 -> 408500 | V23: =D23*400 -> 326800 | W23: =V23*0.6 -> 196080 | X23: =G30*C23*W23*0.001 -> 2117.664 | Y23: =D23*600 -> 490200 | Z23: =D23*480 -> 392160 | AA23: =Z23*0.6 -> 235296 | AB23: =G30*C23*AA23*0.001 -> 2541.1968 | AC23: =D23*800 -> 653600 | AD23: =D23*640 -> 522880 | AE23: =AD23*0.6 -> 313728 | AF23: =G30*C23*AE23*0.001 -> 3388.2624 | AG23: =D23*900 -> 735300 | AH23: =D23*720 -> 588240 | AI23: =AH23*0.6 -> 352944 | AJ23: =G30*C23*AI23*0.001 -> 3811.7952 | AK23: =D23*1000 -> 817000 | AL23: =D23*900 -> 735300 | AM23: =AL23*0.6 -> 441180 | AN23: =G30*C23*AM23*0.001 -> 4764.744 | AO23: =D23*1200 -> 980400 | AP23: =D23*1080 -> 882360 | AQ23: =AP23*0.6 -> 529416 | AR23: =G30*C23*AQ23*0.001 -> 5717.6928
B24: M39 | C24: 39 | D24: 976 | E24: =D24*300 -> 292800 | F24: =D24*180 -> 175680 | G24: =0.6*180*D24 -> 105408 | H24: =G30*G24*C24*0.001 -> 1233.2736 | I24: =D24*400 -> 390400 | J24: =D24*240 -> 234240 | K24: =J24*0.6 -> 140544 | L24: =G30*K24*C24*0.001 -> 1644.3648 | M24: =D24*400 -> 390400 | N24: =D24*320 -> 312320 | O24: =N24*0.6 -> 187392 | P24: =G30*O24*C24*0.001 -> 2192.4864 | Q24: =D24*500 -> 488000 | R24: =D24*300 -> 292800 | S24: =R24*0.6 -> 175680 | T24: =G30*S24*C24*0.001 -> 2055.456 | U24: =D24*500 -> 488000 | V24: =D24*400 -> 390400 | W24: =V24*0.6 -> 234240 | X24: =G30*C24*W24*0.001 -> 2740.608 | Y24: =D24*600 -> 585600 | Z24: =D24*480 -> 468480 | AA24: =Z24*0.6 -> 281088 | AB24: =G30*C24*AA24*0.001 -> 3288.7296 | AC24: =D24*800 -> 780800 | AD24: =D24*640 -> 624640 | AE24: =AD24*0.6 -> 374784 | AF24: =G30*C24*AE24*0.001 -> 4384.9728 | AG24: =D24*900 -> 878400 | AH24: =D24*720 -> 702720 | AI24: =AH24*0.6 -> 421632 | AJ24: =G30*C24*AI24*0.001 -> 4933.0944 | AK24: =D24*1000 -> 976000 | AL24: =D24*900 -> 878400 | AM24: =AL24*0.6 -> 527040 | AN24: =G30*C24*AM24*0.001 -> 6166.368 | AO24: =D24*1200 -> 1171200 | AP24: =D24*1080 -> 1054080 | AQ24: =AP24*0.6 -> 632448 | AR24: =G30*C24*AQ24*0.001 -> 7399.6416
A29: 表 一 | B29: 预紧力矩K值表 | H29: 表 二 | I29: 紧螺栓连接的许用应力级安全系数 | P29: 表 三 | Q29: 许用剪切和挤压应力及安全系数
B30: 摩擦表面状况 | D30: 有润滑 | E30: 无润滑 | F30: K= | G30: 0.3 | I30: 许用应力 | J30: 不控制预紧力时的安全系数 | N30: 控制预紧力时的安全系数 | Q30: 许用应力及安全系数及被连接材料 | S30: 剪应力 | U30: 挤压
S31: 许用应力 | T31: S | U31: 许用应力 | V31: S
B32: 精加工表面 | D32: 0.1 | E32: 0.12 | I32: [σ]=σs/S | J32: 直径/材料 | K32: M6-M16 | L32: M16-M30 | M32: M30-M60 | N32: 不分直径 | Q32: 钢 | S32: [τ]=σs/S | T32: 2.5 | U32: [σp]=σs/S | V32: 1.25
B33: 一般加工表面 | D33: 0.13-0.15 | E33: 0.18-0.21
B34: 表面氧化 | D34: 0.2 | E34: 0.24 | J34: 碳钢/合金钢 | K34: 4-3/5-4 | L34: 3-2/4-3 | M34: 2-1.3/2.5 | N34: 1.2-1.5 | Q34: 铸铁 | U34: [σp]=σb/S | V34: 2-2.5
B35: 镀锌表面 | D35: 0.18 | E35: 0.22
B36: 干燥的粗加工表面 | D36: 0.26-0.3 | Q36: 静载荷 | U36: [σp]=σs/S | V36: 1-1.25
B37: 注：请选择相应的预紧力矩K值输入蓝色框内！ | U37: [σp]=σb/S | V37: 2-2.5
Q38: 变载荷 | T38: 3.5-5 | U38: [σp]=σs/S | V38: 1.6-2
U39: [σp]=σb/S | V39: 2.5-3.5

Sheet CNC加工参数
A1: 鹏程电脑锣
A2: CNC 加 工 参 数
A3: 刀具 | C3: 一般钢料 | I3: 加硬钢料 | O3: 铜料 | U3: 备 注
A4: 刀径 | B4: 类型 | C4: 开粗 | F4: 光刀 | I4: 开粗 | L4: 光刀 | O4: 开粗 | R4: 光刀
C5: 转速(S) | D5: 进给(F) | E5: step | F5: 转速(S) | G5: 进给(F) | H5: step | I5: 转速(S) | J5: 进给(F) | K5: step | L5: 转速(S) | M5: 进给(F) | N5: step | O5: 转速(S) | P5: 进给(F) | Q5: step | R5: 转速(S) | S5: 进给(F) | T5: step
A6: φ16 | B6: R8普长飞刀 | C6: 2200 | D6: 1500 | E6: 0.6 | F6: 2600 | G6: 1600 | H6: 0.14 | I6: 2000 | J6: 1500 | K6: 0.5 | L6: 3000 | M6: 2000 | N6: 0.14 | O6: 2500 | P6: 1500 | Q6: 0.8 | R6: 3200 | S6: 1650 | T6: 0.15 | U6: 加硬钢料最适用
B7: R8加长飞刀 | C7: 2200 | D7: 1300 | E7: 0.6 | F7: 2500 | G7: 1500 | H7: 0.14 | I7: 2000 | J7: 1200 | K7: 0.5 | L7: 2800 | M7: 1600 | N7: 0.14 | O7: 2500 | P7: 1500 | Q7: 0.6 | R7: 3000 | S7: 1500 | T7: 0.15 | U7: 较大工件常用
B8: R8粗飞刀 | C8: 1600 | D8: 1200 | E8: 0.5 | F8: 1750 | G8: 1400 | H8: 0.14 | O8: 2400 | P8: 1300 | Q8: 0.5 | U8: 一般不用作光刀
B9: R8白钢粗刀 | C9: 1600 | D9: 1200 | E9: 0.6 | F9: 1750 | G9: 1400 | H9: 0.14 | O9: 1800 | P9: 1250 | Q9: 0.8 | U9: 铜公开粗最适用
B10: R8钨钢光刀 | F10: 2500 | G10: 1500 | H10: 0.15 | L10: 2500 | M10: 1800 | N10: 0.15 | O10: 3000 | P10: 1200 | Q10: 0.5 | R10: 3000 | S10: 1650 | T10: 0.15 | U10: 一般不用作钢料光刀
B11: R4普长飞刀 | C11: 2000 | D11: 1400 | E11: 0.4 | F11: 2200 | G11: 1500 | H11: 0.18 | I11: 2000 | J11: 1200 | K11: 0.3 | L11: 2000 | M11: 1500 | N11: 0.18 | O11: 2500 | P11: 1400 | Q11: 0.5 | U11: 一般不作光刀
B12: R0.8加长飞刀 | C12: 1800 | D12: 1250 | E12: 0.25 | F12: 2000 | G12: 1500 | H12: 0.12 | I12: 1800 | J12: 1200 | K12: 0.15 | L12: 2000 | M12: 1400 | N12: 0.12 | O12: 2400 | P12: 1400 | Q12: 0.5 | R12: 2500 | S12: 1600 | T12: 0.12 | U12: 光刀宜不准数
B13: R0.8普长飞刀 | C13: 1800 | D13: 1500 | E13: 0.5 | F13: 2000 | G13: 1600 | H13: 0.12 | I13: 1800 | J13: 1350 | K13: 0.25 | L13: 1800 | M13: 1500 | N13: 0.12 | O13: 2500 | P13: 1500 | Q13: 1 | R13: 3000 | S13: 1650 | T13: 0.12 | U13: 常用飞刀
B14: R0.4加长飞刀 | C14: 1800 | D14: 1250 | E14: 0.25 | F14: 22000 | G14: 1400 | H14: 0.1 | I14: 1800 | J14: 1000 | K14: 0.2 | L14: 2100 | M14: 1400 | N14: 0.1 | O14: 2500 | P14: 1400 | Q14: 0.4 | R14: 2600 | S14: 1500 | T14: 0.1 | U14: 不宜铜公光刀
B15: R0.4普长飞刀 | C15: 1850 | D15: 1500 | E15: 0.4 | F15: 2000 | G15: 1500 | H15: 0.1 | I15: 1800 | J15: 1500 | K15: 0.25 | L15: 2000 | M15: 1500 | N15: 0.1 | O15: 2500 | P15: 1500 | Q15: 0.6 | R15: 2800 | S15: 1650 | T15: 0.1 | U15: 不宜铜公光刀
B16: 白钢平底普长刀 | C16: 700 | D16: 1200 | E16: 0.4 | F16: 850 | G16: 1200 | H16: 0.1 | O16: 1100 | P16: 1600 | Q16: 1.5 | R16: 1500 | S16: 1200 | T16: 0.1 | U16: 最常用白钢刀<常用侧锋>
B17: 白钢平底加长刀 | C17: 700 | D17: 1000 | E17: 0.3 | F17: 850 | G17: 1100 | H17: 0.1 | O17: 1100 | P17: 1500 | Q17: 1.2 | R17: 1500 | S17: 1100 | T17: 0.1 | U17: 常用侧锋光刀
B18: 钨钢平底加长刀 | C18: 1200 | D18: 1100 | E18: 0.4 | F18: 1350 | G18: 1500 | H18: 0.1 | I18: 1100 | J18: 1200 | K18: 0.4 | L18: 1300 | M18: 1500 | N18: 0.1 | O18: 1500 | P18: 1400 | Q18: 1 | R18: 1800 | S18: 1500 | T18: 0.1 | U18: 常用侧锋光刀
B19: 钨钢平底普长刀 | C19: 1200 | D19: 1400 | E19: 0.5 | F19: 1350 | G19: 1600 | H19: 0.1 | I19: 1100 | J19: 1300 | K19: 0.5 | L19: 1300 | M19: 1600 | N19: 0.1 | O19: 1500 | P19: 1600 | Q19: 1.2 | R19: 1800 | S19: 1600 | T19: 0.1 | U19: 常用侧锋光刀
A20: φ12 | B20: R6加长飞刀 | C20: 1800 | D20: 1350 | E20: 0.5 | F20: 2200 | G20: 1600 | H20: 0.14 | I20: 1650 | J20: 1200 | K20: 0.4 | L20: 2000 | M20: 1500 | N20: 0.14 | O20: 2000 | P20: 1400 | Q20: 0.5 | R20: 2500 | S20: 1600 | T20: 0.14 | U20: 一般不作铜公光刀
B21: R6白钢粗刀 | C21: 1600 | D21: 1300 | E21: 0.5 | F21: 1600 | G21: 1300 | H21: 0.14 | O21: 1800 | P21: 1400 | Q21: 0.8 | R21: 2100 | S21: 1500 | T21: 0.14
B22: R6钨钢加长刀 | C22: 2000 | D22: 1250 | E22: 0.4 | F22: 2200 | G22: 1500 | H22: 0.14 | I22: 2000 | J22: 1200 | K22: 0.5 | L22: 2200 | M22: 1600 | N22: 0.12 | O22: 2400 | P22: 1400 | Q22: 0.6 | R22: 3000 | S22: 1500 | T22: 0.14
B23: R6钨钢普长刀 | C23: 2000 | D23: 1500 | E23: 0.5 | F23: 2200 | G23: 1600 | H23: 0.14 | I23: 2000 | J23: 1350 | K23: 0.5 | L23: 2200 | M23: 1800 | N23: 0.14 | O23: 2400 | P23: 1500 | Q23: 0.6 | R23: 3000 | S23: 1600 | T23: 0.14
B24: 平底白钢加长刀 | C24: 1000 | D24: 900 | E24: 0.3 | F24: 1300 | G24: 1300 | H24: 0.1 | O24: 1300 | P24: 1500 | Q24: 1 | R24: 1400 | S24: 1200 | T24: 0.1
B25: 平底白钢普长刀 | C25: 1000 | D25: 1100 | E25: 0.5 | F25: 1300 | G25: 1400 | H25: 0.1 | O25: 1300 | P25: 1600 | Q25: 1.2 | R25: 1400 | S25: 1300 | T25: 0.1 | U25: 最常用粗刀
B26: 平底钨钢加长刀 | C26: 1200 | D26: 1100 | E26: 0.35 | F26: 2000 | G26: 1500 | H26: 0.1 | I26: 1100 | J26: 1000 | K26: 0.2 | L26: 1600 | M26: 1500 | N26: 0.1 | O26: 1600 | P26: 1400 | Q26: 1 | R26: 2000 | S26: 1400 | T26: 0.1
B27: 平底钨钢普长刀 | C27: 1200 | D27: 1300 | E27: 0.5 | F27: 2000 | G27: 1600 | H27: 0.1 | I27: 1100 | J27: 1200 | K27: 0.3 | L27: 1600 | M27: 1600 | N27: 0.1 | O27: 1600 | P27: 1600 | Q27: 1.2 | R27: 2000 | S27: 1500 | T27: 0.1 | U27: 最常用光刀
A28: φ10 | B28: R5普长飞刀 | C28: 2000 | D28: 1300 | E28: 0.4 | F28: 2500 | G28: 1500 | H28: 0.12 | I28: 2000 | J28: 1100 | K28: 0.3 | L28: 2400 | M28: 1500 | N28: 0.12 | O28: 2200 | P28: 1200 | Q28: 0.5 | R28: 2500 | S28: 1400 | T28: 0.12 | U28: 一般不用作光刀
B29: R5白钢粗刀 | C29: 1600 | D29: 1200 | E29: 0.5 | F29: 1650 | G29: 1350 | H29: 0.12 | O29: 1800 | P29: 1200 | Q29: 0.6 | R29: 2100 | S29: 1500 | T29: 0.12
B30: R5钨钢普长刀 | C30: 2000 | D30: 1200 | E30: 0.5 | F30: 2400 | G30: 1400 | H30: 0.12 | I30: 2000 | J30: 1500 | K30: 0.5 | L30: 2300 | M30: 1500 | N30: 0.12 | O30: 3000 | P30: 1600 | Q30: 0.5 | R30: 3200 | S30: 1800 | T30: 0.12 | U30: 最常用光刀
B31: R5钨钢加长刀 | C31: 2000 | D31: 1100 | E31: 0.4 | F31: 2400 | G31: 1300 | H31: 0.12 | I31: 2000 | J31: 1400 | K31: 0.5 | L31: 2300 | M31: 1400 | N31: 0.12 | O31: 3000 | P31: 1400 | Q31: 0.4 | R31: 3200 | S31: 1500 | T31: 0.12
B32: 白钢普长平底刀 | C32: 1100 | D32: 1200 | E32: 0.4 | F32: 1400 | G32: 1250 | H32: 0.1 | O32: 1500 | P32: 1350 | Q32: 1 | R32: 1650 | S32: 1350 | T32: 0.1 | U32: 常用刀具
B33: 钨钢普长平底刀 | C33: 1500 | D33: 1200 | E33: 0.4 | F33: 1800 | G33: 1500 | H33: 0.1 | I33: 1350 | J33: 1250 | K33: 0.3 | L33: 1400 | M33: 1400 | N33: 0.1 | O33: 2000 | P33: 1500 | Q33: 1 | R33: 2100 | S33: 1600 | T33: 0.1 | U33: 常用刀具
B34: 钨钢加长平底刀 | C34: 1500 | D34: 1000 | E34: 0.3 | F34: 1700 | G34: 1300 | H34: 0.1 | I34: 1350 | J34: 1100 | K34: 0.2 | L34: 1400 | M34: 1300 | N34: 0.1 | O34: 2000 | P34: 1350 | Q34: 0.8 | R34: 2100 | S34: 1500 | T34: 0.1
A35: φ50 φ63 | B35: R6加长飞刀 | C35: 1300 | D35: 1500 | E35: 0.3 | F35: 1400 | G35: 1400 | H35: 0.15 | L35: 1200 | M35: 1200 | N35: 0.15 | U35: 光刀误差较大
B36: R6普长飞刀 | C36: 1100 | D36: 1800 | E36: 0.8 | F36: 1250 | G36: 1800 | H36: 0.25 | I36: 900 | J36: 1500 | K36: 0.4 | L36: 1000 | M36: 1500 | N36: 0.2 | O36: 1600 | P36: 1800 | Q36: 1 | R36: 1800 | S36: 1800 | T36: 0.25 | U36: 用作开粗及光平面
A37: 鹏程电脑锣
A38: CNC 加 工 参 数
A39: 刀具 | C39: 一般钢料 | I39: 加硬钢料 | O39: 铜料 | U39: 备 注
A40: 刀径 | B40: 类型 | C40: 开粗 | F40: 光刀 | I40: 开粗 | L40: 光刀 | O40: 开粗 | R40: 光刀
C41: 转速(S) | D41: 进给(F) | E41: step | F41: 转速(S) | G41: 进给(F) | H41: step | I41: 转速(S) | J41: 进给(F) | K41: step | L41: 转速(S) | M41: 进给(F) | N41: step | O41: 转速(S) | P41: 进给(F) | Q41: step | R41: 转速(S) | S41: 进给(F) | T41: step
A42: φ35 | B42: R6加长飞刀 | C42: 1800 | D42: 1600 | E42: 0.45 | F42: 1800 | G42: 1600 | H42: 0.25 | I42: 1750 | J42: 1200 | K42: 0.25 | L42: 1800 | M42: 1500 | N42: 0.2 | O42: 1800 | P42: 1500 | Q42: 0.6 | R42: 2100 | S42: 1600 | T42: 0.2
B43: R5加长飞刀 | C43: 1800 | D43: 1500 | E43: 0.45 | F43: 1800 | G43: 1600 | H43: 0.18 | I43: 1800 | J43: 1200 | K43: 0.3 | L43: 1800 | M43: 1500 | N43: 0.16 | O43: 1800 | P43: 1500 | Q43: 0.6 | R43: 2200 | S43: 1600 | T43: 0.18 | U43: 一般不宜作侧边光刀
A44: φ31R5 | B44: 普长飞刀 | C44: 2000 | D44: 1500 | E44: 0.5 | F44: 2000 | G44: 1700 | H44: 0.18 | I44: 1750 | J44: 1250 | K44: 0.3 | L44: 1800 | M44: 1500 | N44: 0.18 | O44: 2000 | P44: 1600 | Q44: 0.75 | R44: 2500 | S44: 1600 | T44: 0.18 | U44: 大机不适用
A45: φ32 | B45: R0.8加长飞刀 | C45: 1800 | D45: 1500 | E45: 0.3 | F45: 1800 | G45: 1600 | H45: 0.1 | I45: 1650 | J45: 1300 | K45: 0.25 | L45: 1650 | M45: 1500 | N45: 0.1 | O45: 2000 | P45: 1500 | Q45: 0.5 | R45: 2200 | S45: 1600 | T45: 0.1
A46: Φ30R5 | B46: 特长飞刀 | C46: 1800 | D46: 1200 | E46: 0.4 | F46: 1800 | G46: 1500 | H46: 0.18 | I46: 1600 | J46: 1000 | K46: 0.2 | L46: 1650 | M46: 1250 | N46: 0.16 | O46: 1800 | P46: 1300 | Q46: 0.5 | R46: 1800 | S46: 1500 | T46: 0.18 | U46: 光刀不宜光准
B47: 加长飞刀 | C47: 1800 | D47: 1600 | E47: 0.6 | F47: 1800 | G47: 1700 | H47: 0.18 | I47: 1800 | J47: 1400 | K47: 0.3 | L47: 1800 | M47: 1500 | N47: 0.18 | O47: 2000 | P47: 1600 | Q47: 0.8 | R47: 2200 | S47: 1600 | T47: 0.18 | U47: 最常用飞刀
B48: 普长飞刀 | C48: 1800 | D48: 1800 | E48: 0.65 | F48: 1800 | G48: 1800 | H48: 0.18 | I48: 1800 | J48: 1600 | K48: 0.4 | L48: 1800 | M48: 1600 | N48: 0.18 | O48: 2000 | P48: 1800 | Q48: 1 | R48: 2400 | S48: 1800 | T48: 0.18 | U48: 最常用飞刀
A49: φ25 | B49: R5普长飞刀 | C49: 2000 | D49: 1600 | E49: 0.5 | F49: 2200 | G49: 1600 | H49: 0.18 | I49: 1800 | J49: 1300 | K49: 0.35 | L49: 1800 | M49: 1600 | N49: 0.18 | O49: 2400 | P49: 1600 | Q49: 1 | R49: 2800 | S49: 1800 | T49: 0.18
B50: R5加长飞刀 | C50: 1800 | D50: 1500 | E50: 6.5 | F50: 1800 | G50: 1600 | H50: 0.18 | I50: 1800 | J50: 1300 | K50: 0.35 | L50: 1800 | M50: 1500 | N50: 0.15 | O50: 2100 | P50: 1500 | Q50: 1 | R50: 2200 | S50: 1600 | T50: 0.18
B51: R0.8加长飞刀 | C51: 1800 | D51: 1400 | E51: 0.35 | F51: 2000 | G51: 1500 | H51: 0.1 | I51: 1750 | J51: 1300 | K51: 0.25 | L51: 1750 | M51: 1600 | N51: 0.1 | O51: 2100 | P51: 1400 | Q51: 0.65 | R51: 2200 | S51: 1500 | T51: 0.1
B52: 白钢普长平底刀 | C52: 600 | D52: 1100 | E52: 0.5 | F52: 700 | G52: 1000 | H52: 0.1 | O52: 1100 | P52: 1650 | Q52: 1.5 | R52: 1350 | S52: 1300 | T52: 0.1
B53: 白钢加长平底刀 | C53: 600 | D53: 1000 | E53: 0.35 | F53: 700 | G53: 850 | H53: 0.1 | O53: 1000 | P53: 1500 | Q53: 1.2 | R53: 1300 | S53: 1200 | T53: 0.1 | U53: 钢料加工不常用
B54: 白钢超长平底刀 | C54: 500 | D54: 700 | E54: 0.15 | F54: 600 | G54: 800 | H54: 0.1 | O54: 1000 | P54: 1200 | Q54: 1 | R54: 1200 | S54: 1000 | T54: 0.1 | U54: 钢料加工不常用
A55: φ20 | B55: R10加长飞刀 | C55: 2000 | D55: 1500 | E55: 0.5 | F55: 2200 | G55: 1500 | H55: 0.25 | O55: 2400 | P55: 1600 | Q55: 0.6 | R55: 2700 | S55: 1650 | T55: 0.25 | U55: 铜公加工不常用
B56: R10普长飞刀 | C56: 2100 | D56: 1650 | E56: 0.5 | F56: 2200 | G56: 1800 | H56: 0.25 | O56: 2400 | P56: 1650 | Q56: 0.6 | R56: 2700 | S56: 1800 | T56: 0.25
B57: R10加长白钢刀 | C57: 1400 | D57: 1200 | E57: 0.4 | F57: 1400 | G57: 1300 | H57: 0.25 | O57: 1600 | P57: 1200 | Q57: 0.8 | R57: 1800 | S57: 1300 | T57: 0.25 | U57: 光刀不常用
B58: R10普长白钢刀 | C58: 1500 | D58: 1350 | E58: 0.6 | F58: 1500 | G58: 1500 | H58: 0.25 | O58: 1650 | P58: 1300 | Q58: 0.8 | R58: 1800 | S58: 1400 | T58: 0.25 | U58: 光刀不常用
B59: R0.4加长飞刀 | C59: 1800 | D59: 1500 | E59: 0.32 | F59: 2000 | G59: 1500 | H59: 0.1 | I59: 1800 | J59: 1500 | K59: 0.2 | L59: 1600 | M59: 1500 | N59: 0.1 | O59: 2000 | P59: 1500 | Q59: 0.5 | R59: 2500 | S59: 1500 | T59: 0.1 | U59: 光刀误差较大
B60: R0.4普长飞刀 | C60: 1800 | D60: 200 | E60: 0.5 | F60: 2000 | G60: 1500 | H60: 0.1 | I60: 1800 | J60: 1500 | K60: 0.3 | L60: 1600 | M60: 1500 | N60: 0.1 | O60: 2000 | P60: 2000 | Q60: 1 | R60: 2500 | S60: 1500 | T60: 0.1
B61: 平底加长白钢刀 | C61: 600 | D61: 1000 | E61: 0.35 | F61: 750 | G61: 1200 | H61: 0.1 | O61: 900 | P61: 1000 | Q61: 1 | R61: 1200 | S61: 1000 | T61: 0.1 | U61: 钢料加工不常用
B62: 平底普长白钢刀 | C62: 650 | D62: 1300 | E62: 0.5 | F62: 750 | G62: 1400 | H62: 0.1 | O62: 1000 | P62: 1500 | Q62: 1.5 | R62: 1200 | S62: 1200 | T62: 0.1
B63: 平底钨钢刀 | C63: 1200 | D63: 1300 | E63: 0.5 | F63: 1350 | G63: 1500 | H63: 0.1 | I63: 1000 | J63: 1000 | K63: 0.35 | L63: 1100 | M63: 1000 | N63: 0.1 | R63: 900 | S63: 500 | T63: 0.1
B64: 平底加长钨钢刀 | C64: 1100 | D64: 1000 | E64: 0.35 | F64: 1200 | G64: 1200 | H64: 0.1 | I64: 900 | J64: 800 | K64: 0.25 | L64: 1000 | M64: 900 | N64: 0.1 | R64: 900 | S64: 500 | T64: 0.1 | U64: 钢料开粗不常用
A65: φ8 | B65: R4白钢粗刀 | C65: 1600 | D65: 800 | E65: 0.3 | F65: 2000 | G65: 800 | H65: 0.15 | O65: 1400 | P65: 1000 | Q65: 0.5 | R65: 3300 | S65: 1500 | T65: 0.15
B66: R4钨钢加长刀 | C66: 2800 | D66: 1000 | E66: 0.4 | F66: 3500 | G66: 2000 | H66: 0.2 | I66: 2500 | J66: 800 | K66: 0.35 | L66: 3000 | M66: 1200 | N66: 0.2 | O66: 3000 | P66: 1600 | Q66: 0.5 | R66: 3600 | S66: 2000 | T66: 0.2
B67: R4钨钢普长刀 | C67: 2800 | D67: 1000 | E67: 0.4 | F67: 3500 | G67: 2000 | H67: 0.2 | I67: 2500 | J67: 800 | K67: 0.35 | L67: 3000 | M67: 1200 | N67: 0.15 | O67: 3000 | P67: 1600 | Q67: 0.6 | R67: 3600 | S67: 2000 | T67: 0.3 | U67: 最常用光刀
B68: 白钢平底普长刀 | C68: 1400 | D68: 850 | E68: 0.3 | F68: 1400 | G68: 800 | H68: 0.15 | O68: 1400 | P68: 1500 | Q68: 0.8 | R68: 1800 | S68: 1200 | T68: 0.15
B69: 钨钢平底普长刀 | C69: 1600 | D69: 1000 | E69: 0.6 | F69: 2200 | G69: 1200 | H69: 0.2 | I69: 1800 | J69: 1000 | K69: 0.2 | L69: 2000 | M69: 1000 | N69: 0.1 | O69: 2000 | P69: 1800 | Q69: 1 | R69: 2800 | S69: 1800 | T69: 0.15
B70: 钨钢平底加长刀 | C70: 1600 | D70: 800 | E70: 0.4 | F70: 2000 | G70: 1000 | H70: 0.2 | I70: 2000 | J70: 800 | K70: 0.15 | L70: 2200 | M70: 800 | N70: 0.1 | O70: 2400 | P70: 1600 | Q70: 0.8 | R70: 2800 | S70: 1600 | T70: 0.15
A71: 鹏程电脑锣
A72: CNC 加 工 参 数
A73: 刀具 | C73: 一般钢料 | I73: 加硬钢料 | O73: 铜料 | U73: 备 注
A74: 刀径 | B74: 类型 | C74: 开粗 | F74: 光刀 | I74: 开粗 | L74: 光刀 | O74: 开粗 | R74: 光刀
C75: 转速(S) | D75: 进给(F) | E75: step | F75: 转速(S) | G75: 进给(F) | H75: step | I75: 转速(S) | J75: 进给(F) | K75: step | L75: 转速(S) | M75: 进给(F) | N75: step | O75: 转速(S) | P75: 进给(F) | Q75: step | R75: 转速(S) | S75: 进给(F) | T75: step
A76: φ6 | B76: R3白钢刀 | C76: 1600 | D76: 800 | E76: 0.25 | F76: 2200 | G76: 1200 | H76: 0.15 | O76: 2500 | P76: 1400 | Q76: 0.5 | R76: 4000 | S76: 1800 | T76: 0.2
B77: R3加长钨钢刀 | C77: 4000 | D77: 1200 | E77: 0.3 | F77: 4500 | G77: 1200 | H77: 0.15 | I77: 4000 | J77: 800 | K77: 0.2 | L77: 4000 | M77: 1000 | N77: 0.15 | O77: 4500 | P77: 2000 | Q77: 0.6 | R77: 4500 | S77: 2200 | T77: 0.2
B78: R3普长钨钢刀 | C78: 4000 | D78: 1600 | E78: 0.4 | F78: 4500 | G78: 2000 | H78: 0.15 | I78: 4000 | J78: 1600 | K78: 0.2 | L78: 4000 | M78: 1400 | N78: 0.15 | O78: 5000 | P78: 2000 | Q78: 0.6 | R78: 5000 | S78: 2200 | T78: 0.2 | U78: 常用光刀
B79: 平底白钢普长刀 | C79: 1600 | D79: 1200 | E79: 0.2 | F79: 1600 | G79: 1000 | H79: 0.1 | O79: 2000 | P79: 1800 | Q79: 0.8 | R79: 2800 | S79: 1800 | T79: 0.15
B80: 平底普长钨钢刀 | C80: 2200 | D80: 1200 | E80: 0.3 | F80: 3500 | G80: 1800 | H80: 0.1 | I80: 3500 | J80: 1200 | K80: 0.15 | L80: 3000 | M80: 1000 | N80: 0.1 | O80: 3500 | P80: 2000 | Q80: 0.8 | R80: 5000 | S80: 2200 | T80: 0.15 | U80: 常用光刀
B81: 平底加长钨钢刀 | C81: 2200 | D81: 1000 | E81: 0.25 | F81: 3000 | G81: 1200 | H81: 0.1 | I81: 3500 | J81: 800 | K81: 0.15 | L81: 3500 | M81: 800 | N81: 0.1 | O81: 4000 | P81: 1600 | Q81: 0.8 | R81: 5000 | S81: 2000 | T81: 0.1
A82: φ5 | B82: R2.5白钢刀 | C82: 2000 | D82: 1000 | E82: 0.2 | F82: 2400 | G82: 1000 | H82: 0.1 | O82: 3500 | P82: 1800 | Q82: 0.25 | R82: 3500 | S82: 1400 | T82: 0.1
B83: R2.5钨钢刀 | C83: 4000 | D83: 1200 | E83: 0.21 | F83: 4000 | G83: 1600 | H83: 0.1 | I83: 3500 | J83: 1400 | K83: 0.15 | L83: 4000 | M83: 2000 | N83: 0.1 | O83: 4000 | P83: 1600 | Q83: 0.2 | R83: 5000 | S83: 2200 | T83: 0.1
B84: 平底白钢刀 | C84: 1600 | D84: 1200 | E84: 0.25 | F84: 2200 | G84: 1200 | H84: 0.1 | O84: 3000 | P84: 1600 | Q84: 0.3 | R84: 4000 | S84: 2000 | T84: 0.1
B85: 平底普长钨钢刀 | C85: 2500 | D85: 1600 | E85: 0.1 | F85: 3500 | G85: 2000 | H85: 0.1 | I85: 3500 | J85: 1200 | K85: 0.15 | L85: 4000 | M85: 1600 | N85: 0.1 | O85: 5000 | P85: 2000 | Q85: 0.3 | R85: 5000 | S85: 2500 | T85: 0.1
A86: φ4 | B86: R2白钢刀 | C86: 2400 | D86: 1500 | E86: 0.25 | F86: 3000 | G86: 1800 | H86: 0.1 | O86: 4000 | P86: 1600 | Q86: 0.2 | R86: 4000 | S86: 2000 | T86: 0.1
B87: R2普长钨钢刀 | C87: 4000 | D87: 1600 | E87: 0.25 | F87: 4500 | G87: 2200 | H87: 0.1 | I87: 4500 | J87: 1400 | K87: 0.15 | L87: 5000 | M87: 1800 | N87: 0.1 | O87: 5000 | P87: 2000 | Q87: 0.2 | R87: 5000 | S87: 2400 | T87: 0.1
B88: 平底钨钢刀 | C88: 4000 | D88: 1600 | E88: 0.2 | F88: 4500 | G88: 1800 | H88: 0.1 | I88: 4500 | J88: 1200 | K88: 0.1 | L88: 5000 | M88: 1600 | N88: 0.1 | O88: 5000 | P88: 2000 | Q88: 0.2 | R88: 5000 | S88: 2000 | T88: 0.1
B89: 平底白钢刀 | C89: 2800 | D89: 1200 | E89: 0.2 | F89: 3000 | G89: 1000 | H89: 0.1 | O89: 3000 | P89: 1000 | Q89: 0.25 | R89: 3500 | S89: 1200 | T89: 0.1
A90: φ3 | B90: R1.5钨钢刀 | C90: 4500 | D90: 1200 | E90: 0.15 | F90: 5000 | G90: 1800 | H90: 0.1 | I90: 4500 | J90: 1000 | K90: 0.1 | L90: 5000 | M90: 1600 | N90: 0.1 | O90: 5000 | P90: 1800 | Q90: 0.2 | R90: 5000 | S90: 2200 | T90: 0.1
B91: R1.5白钢刀 | C91: 2800 | D91: 800 | E91: 0.15 | F91: 3000 | G91: 1400 | H91: 0.1 | O91: 3500 | P91: 1200 | Q91: 0.2 | R91: 4500 | S91: 1600 | T91: 0.1
B92: 平底白钢刀 | C92: 3000 | D92: 800 | E92: 0.15 | F92: 2800 | G92: 1000 | H92: 0.1 | O92: 4000 | P92: 1200 | Q92: 0.25 | R92: 4500 | S92: 1600 | T92: 0.1
B93: 平底钨钢刀 | C93: 3500 | D93: 1200 | E93: 0.15 | F93: 4500 | G93: 1200 | H93: 0.1 | I93: 4500 | J93: 800 | K93: 0.1 | L93: 5000 | M93: 1400 | N93: 0.1 | O93: 5000 | P93: 1800 | Q93: 0.25 | R93: 5000 | S93: 2000 | T93: 0.1
A94: φ2.5 | B94: R1.25钨钢刀 | C94: 5000 | D94: 600 | E94: 0.2 | F94: 5400 | G94: 700 | H94: 0.1 | I94: 5000 | J94: 400 | K94: 0.15 | L94: 5400 | M94: 550 | N94: 0.1 | O94: 5400 | P94: 650 | Q94: 0.25 | R94: 5600 | S94: 650 | T94: 0.1 | U94: 加工钢料少用
B95: 平底钨钢刀 | C95: 4000 | D95: 550 | E95: 0.2 | F95: 4400 | G95: 650 | H95: 0.1 | I95: 4000 | J95: 550 | K95: 0.18 | L95: 4400 | M95: 600 | N95: 0.1 | O95: 4800 | P95: 600 | Q95: 0.25 | R95: 5200 | S95: 600 | T95: 0.1
B96: 平底白钢刀 | C96: 2700 | D96: 500 | E96: 0.2 | F96: 3000 | G96: 600 | H96: 0.1 | O96: 3600 | P96: 500 | Q96: 0.25 | R96: 4000 | S96: 550 | T96: 0.1
A97: φ2 | B97: R1白钢刀 | C97: 3200 | D97: 450 | E97: 0.15 | F97: 3500 | G97: 500 | H97: 0.1 | O97: 4000 | P97: 500 | Q97: 0.2 | R97: 4400 | S97: 550 | T97: 0.1 | U97: 加工钢料少用
B98: R1钨钢刀 | C98: 5000 | D98: 500 | E98: 0.18 | F98: 5500 | G98: 600 | H98: 0.1 | I98: 5000 | J98: 400 | K98: 0.15 | L98: 5500 | M98: 500 | N98: 0.1 | O98: 5400 | P98: 600 | Q98: 0.2 | R98: 5600 | S98: 650 | T98: 0.1
B99: 钨钢平底刀 | C99: 4200 | D99: 500 | E99: 0.2 | F99: 4500 | G99: 600 | H99: 0.1 | I99: 4200 | J99: 500 | K99: 0.18 | L99: 4400 | M99: 550 | N99: 0.1 | O99: 5000 | P99: 500 | Q99: 0.2 | R99: 5400 | S99: 550 | T99: 0.1 | U99: 加工钢料少用
A100: 鹏程电脑锣
...

Sheet 钢料加工参数参考表
A1: 钢料加工参数参考表（公众号：曼仑）
A2: 八千转以下加工中心切削参数 | J2: 最低转速为5000的雕铣机
A3: 刀具名称 | B3: 转速 | C3: 进给 | D3: 每刀切削深度 | E3: 步距 | J3: 刀具名称 | K3: 转速 | L3: 进给 | M3: 每刀切削深度 | N3: 步距
A4: D50R5 | B4: 1500 | C4: 3000 | D4: 0.8-0.6 | E4: 75%(刀具直径） | J4: D16 | K4: 6000 | L4: 9000 | M4: 0.05 | N4: 75%刀具直径
A5: D35R5 | B5: 1800 | C5: 2500 | D5: 0.5-0.8 | E5: 75%(刀具直径） | J5: D12 | K5: 9000 | L5: 9000 | M5: 0.05 | N5: 75%刀具直径
A6: D30R5 | B6: 1800 | C6: 2200 | D6: 0.5-0.6 | E6: 75%(刀具直径） | J6: D10 | K6: 12000 | L6: 9000 | M6: 0.03-0.05 | N6: 75%刀具直径
A7: D25R5 | B7: 2000 | C7: 2200 | D7: 0.5-0.6 | E7: 75%(刀具直径） | J7: D8 | K7: 12000 | L7: 7000 | M7: 0.05 | N7: 75%刀具直径
A8: D20R5 | B8: 2000 | C8: 2200 | D8: 0.5-0.6 | E8: 75%(刀具直径） | J8: D6 | K8: 13000 | L8: 6000 | M8: 0.03-0.05 | N8: 75%刀具直径
A9: D20R4 | B9: 2200 | C9: 2200 | D9: 0.5-0.6 | E9: 75%(刀具直径） | J9: D5 | K9: 13000 | L9: 5000 | M9: 0.03 | N9: 75%刀具直径
A10: D20R0.8 | B10: 2000 | C10: 1500 | D10: 0.35 | E10: 75%(刀具直径） | J10: D4 | K10: 13000 | L10: 4000 | M10: 0.02 | N10: 75%刀具直径
A11: D16R4 | B11: 2500 | C11: 2000 | D11: 0.35 | E11: 75%(刀具直径） | J11: D3 | K11: 14000 | L11: 3500 | M11: 0.02 | N11: 75%刀具直径
A12: D16R0.8 | B12: 2800 | C12: 2000 | D12: 0.35 | E12: 75%(刀具直径） | J12: D2 | K12: 15000 | L12: 3000 | M12: 0.01 | N12: 50%刀具直径
A13: D12R0.4 | B13: 2800 | C13: 1600 | D13: 0.25 | E13: 75%(刀具直径） | J13: D1.5 | K13: 15000 | L13: 1200 | M13: 0.01 | N13: 50%刀具直径
A14: 以上刀具都是装刀片的刀粒刀（R4，R5刀片比较适合开粗。 R0.4和R0.8刀片比较适合中铣，也可以用来光平面） | J14: D1 | K14: 15000 | L14: 1000 | M14: 0.01 | N14: 50%刀具直径
J15: D0.8 | K15: 15000 | L15: 800 | M15: 0.01 | N15: 50%刀具直径
A16: 刀具名称 | B16: 转速 | C16: 进给 | D16: 每刀切削深度 | E16: 步距 | N16: 50%刀具直径
A17: D20 | B17: 2200 | C17: 2000 | D17: 0.3 | E17: 75%(刀具直径） | J17: D0.6 | K17: 15000 | L17: 600 | M17: 0.01 | N17: 50%刀具直径
A18: D16 | B18: 3000 | C18: 2000 | D18: 0.3 | E18: 75%(刀具直径） | J18: D0.5 | K18: 15000 | L18: 400 | M18: 0.01 | N18: 50%刀具直径
A19: D12 | B19: 3500 | C19: 2000 | D19: 0.25-0.28 | E19: 75%(刀具直径）
A20: D10 | B20: 3600 | C20: 1800 | D20: 0.22-0.25 | E20: 75%(刀具直径）
A21: D8 | B21: 3800-4000 | C21: 1800 | D21: 0.2-0.22 | E21: 75%(刀具直径） | J21: 刀具名称 | K21: 转速 | L21: 进给 | M21: 每刀切削深度 | N21: 步距
A22: D6 | B22: 4200-4500 | C22: 1600 | D22: 0.15-0.18 | E22: 75%(刀具直径） | J22: D12R0.5 | K22: 12000 | L22: 9000 | M22: 0.05 | N22: 75%(刀具直径去圆角后的75%）
A23: D5 | B23: 4300-4600 | C23: 1600 | D23: 0.12-0.15 | E23: 75%(刀具直径） | J23: D10R0.5 | K23: 12000 | L23: 7000 | M23: 0.05 | N23: 75%(刀具直径去圆角后的75%）
A24: D4 | B24: 4500-4800 | C24: 1300-1500 | D24: 0.11-0.12 | E24: 75%(刀具直径） | J24: D8R0.5 | K24: 13000 | L24: 6000 | M24: 0.03 | N24: 75%(刀具直径去圆角后的75%）
A25: D3 | B25: 4600-5000 | C25: 800-1000 | D25: 0.06 | E25: 50%(刀具直径） | J25: D6R0.5 | K25: 13000 | L25: 5000 | M25: 0.03 | N25: 75%(刀具直径去圆角后的75%）
A26: D2 | B26: 5000-5200 | C26: 400-600 | D26: 0.02-0.03 | E26: 50%(刀具直径） | J26: D4R0.5 | K26: 13000 | L26: 4000 | M26: 0.02 | N26: 75%(刀具直径去圆角后的75%）
A27: D1.5 | B27: 5500 | C27: 200-300 | D27: 0.01-0.02 | E27: 50%(刀具直径） | J27: D4R0.4 | K27: 14000 | L27: 3500 | M27: 0.02 | N27: 75%(刀具直径去圆角后的75%）
A28: D1 | B28: 5500-5800 | C28: 150-200 | D28: 0.01 | E28: 50%(刀具直径） | F28: 在加工钢料时，小口径铣刀比较少用到，如果有必要，可以拆电极。 | G28: 这些铣刀在实际加工中很少用于加工钢料 | J28: D3R0.5 | K28: 15000 | L28: 3000 | M28: 0.02 | N28: 75%(刀具直径去圆角后的75%）
A29: D0.8 | B29: 6000 | C29: 120 | D29: 0.01 | E29: 50%(刀具直径）
A30: D0.6 | B30: 6300 | C30: 100 | D30: 0.01 | E30: 50%(刀具直径）
A31: D0.5 | B31: 6500 | C31: 80 | D31: 0.01 | E31: 50%(刀具直径） | J31: 刀具名称 | K31: 转速 | L31: 进给 | M31: 每刀切削深度 | N31: 步距
A32: 以上都是平刀，在实际加工中开粗时步距一般为50%-70%，平面光面时步距一般为30%刀具直径 | J32: R6 | K32: 7000 | L32: 3500 | N32: 0.15-0.18
J33: R5 | K33: 8000 | L33: 3000 | N33: 0.13-0.16
J34: R4 | K34: 9000 | L34: 2800 | N34: 0.13-0.15
A35: 刀具名称 | B35: 转速 | C35: 进给 | D35: 每刀切削深度 | E35: 步距 | J35: R3 | K35: 10000 | L35: 2500 | N35: 0.12-0.15
A36: D12R0.5 | B36: 3800 | C36: 2500 | D36: 0.25-0.28 | E36: 75%(刀具直径去圆角后的75%） | J36: R2 | K36: 12000 | L36: 2000 | N36: 0.1-0.12
A37: D10R0.5 | B37: 3800 | C37: 2400 | D37: 0.22-0.25 | E37: 75%(刀具直径去圆角后的75%） | J37: R1.5 | K37: 13000 | L37: 1500 | N37: 0.06-0.08
A38: D8R0.5 | B38: 4000-4200 | C38: 2200 | D38: 0.2 | E38: 75%(刀具直径去圆角后的75%） | J38: R1 | K38: 15000 | L38: 1000 | N38: 0.02-0.03
A39: D6R0.5 | B39: 4200-4500 | C39: 1800 | D39: 0.15-0.18 | E39: 75%(刀具直径去圆角后的75%） | J39: R0.75 | K39: 15000 | L39: 800 | N39: 0.02
A40: D4R0.5 | B40: 4500-4800 | C40: 1300-1500 | D40: 0.1-0.13 | E40: 75%(刀具直径去圆角后的75%） | J40: R0.5 | K40: 15000 | L40: 600 | N40: 0.01
A41: D4R0.4 | B41: 4500-4800 | C41: 1000-1300 | D41: 0.1-0.12 | E41: 75%(刀具直径去圆角后的75%） | J41: R0.3 | K41: 15000 | L41: 400 | N41: 0.01
A42: D3R0.5 | B42: 4600-5000 | C42: 650-800 | D42: 0.05-0.08 | E42: 75%(刀具直径去圆角后的75%） | J42: 要尽量避免中间下刀和吃全刀的状况，在编程时选择跟随工件即可
A43: 以上都是圆鼻刀，仅以R0.5为例，市场中也有其他型号圆鼻刀，可以此参数 作为参考，一般圆角越大强度越好，圆角越小，强度越差，可适当调节进给量
A46: 刀具名称 | B46: 转速 | C46: 进给 | D46: 每刀切削深度 | E46: 步距
A47: R8 | B47: 3200 | C47: 1500-1800 | E47: 0.18-0.2(步进）
A48: R6 | B48: 3500 | C48: 1500-1600 | E48: 0.15-0.18
A49: R5 | B49: 3600-3800 | C49: 1300-1500 | E49: 0.13-0.16
A50: R4 | B50: 3800-4200 | C50: 1300-1500 | E50: 0.13-0.15
A51: R3 | B51: 4000-4500 | C51: 1300-1500 | E51: 0.12-0.15
A52: R2 | B52: 4200-4600 | C52: 1000-1300 | E52: 0.1-0.12
A53: R1.5 | B53: 4500-4800 | C53: 700-900 | E53: 0.06-0.08
A54: R1 | B54: 5000-5200 | C54: 400-500 | E54: 0.02-0.03
A55: R0.75 | B55: 5500-5800 | C55: 200-300 | E55: 0.02
A56: R0.5 | B56: 6000-6500 | C56: 100-200 | E56: 0.01
A57: R0.3 | B57: 6500-7000 | C57: 100-150 | E57: 0.01

Sheet CNC钢料切削参数表
A1: CNC 钢料 切削参数表（高速机）（公众号：曼仑）
M2: 代码诠释：
M3: D=刀具直径 R=刀角半径
M4: F=进给速率 S=主轴转数
M5: Vc=线性切削速度 (m/min) Fz=每齿切削量(mm/tooth)
M6: Ae=径向进给量 (mm) Ap=轴向进给量(mm)
M7: 加工参数的注意事项：
M8: 1 当刀具长度在直径的5倍以内下列参数适用.切记!刀具长度不可大过直径的9倍
M9: 2 当刀具长度在直径的5倍以上时需将F/S值下调10%；Ae/Ap减小30%
M10: 3 工件在精加工之前需保证余量均匀；不可让刀具产生过大的切削负荷
H11: n=主轴转数（公式套用） | M11: 4 工件锐角处需做过渡圆角；钢料为R2、铜料为R1 石墨为R0.6
A12: 刀具 | B12: 开粗 | F12: 半精加工 | J12: 仿形精加工 | N12: 底面/侧面精加工 | R12: PL面仿形精加工
B13: Vc=150-300 Fz=0.15 | F13: Vc=160-280 Fz=0.13 | J13: Vc=50-350 Fz=0.09 | N13: Vc=260 Fz=0.03 | R13: Vc=200-260 Fz=0.13
B14: F | C14: S | D14: ae | E14: ap | F14: F | G14: S | H14: ae | I14: ap | J14: F | K14: S | L14: ae | M14: ap | N14: F | O14: S | P14: ae | Q14: ap | R14: F | S14: S | T14: ae | U14: ap
A15: D12 | B15: 3300 | C15: 4350 | D15: 7.5 | E15: 0.2 | F15: 3600 | G15: 6000 | H15: 7 | I15: 0.25 | J15: 3300 | K15: 9200 | L15: 0.1 | M15: 0.1 | N15: 800 | O15: 7000 | P15: 0.08 | Q15: 0.05
A16: D8 | B16: 3300 | C16: 6500 | D16: 5 | E16: 0.18 | F16: 3600 | G16: 8000 | H16: 5 | I16: 0.25 | J16: 3500 | K16: 9500 | L16: 0.1 | M16: 0.1 | N16: 800 | O16: 8500 | P16: 0.08 | Q16: 0.05
A17: D6 | B17: 3300 | C17: 8500 | D17: 3.5 | E17: 0.13 | F17: 3500 | G17: 9000 | H17: 3.5 | I17: 0.2 | J17: 3200 | K17: 11000 | L17: 0.07 | M17: 0.07 | N17: 800 | O17: 8500 | P17: 0.06 | Q17: 0.05
A18: D4 | B18: 3200 | C18: 12000 | D18: 2 | E18: 0.08 | F18: 3000 | G18: 12000 | H18: 2 | I18: 0.15 | J18: 3000 | K18: 12000 | L18: 0.05 | M18: 0.05 | N18: 700 | O18: 9000 | P18: 0.05 | Q18: 0.05
A19: D3 | F19: 3000 | G19: 12500 | H19: 1.5 | I19: 0.06 | J19: 2600 | K19: 12000 | L19: 0.035 | M19: 0.035 | N19: 700 | O19: 9500 | P19: 0.03 | Q19: 0.05
A20: D2
A21: D1.5
A22: D1
A23: D12R0.5 | B23: 3800 | C23: 5000 | D23: 7 | E23: 0.22 | F23: 3800 | G23: 6300 | H23: 7 | I23: 0.3 | J23: 3000 | K23: 8500 | L23: 0.22 | M23: 0.22 | N23: 850 | O23: 8000 | P23: 7 | Q23: 0.06 | R23: 3200 | S23: 8500 | T23: 0.25 | U23: 0.3
A24: D8R0.5 | B24: 3800 | C24: 7200 | D24: 4 | E24: 0.2 | F24: 3800 | G24: 8000 | H24: 4 | I24: 0.25 | J24: 3500 | K24: 9500 | L24: 0.2 | M24: 0.2 | N24: 850 | O24: 8500 | P24: 5 | Q24: 0.06 | R24: 3200 | S24: 9500 | T24: 0.25 | U24: 0.3
A25: D6R0.5 | B25: 3500 | C25: 8500 | D25: 3 | E25: 0.13 | F25: 3200 | G25: 9500 | H25: 3 | I25: 0.25 | J25: 3300 | K25: 11000 | L25: 0.2 | M25: 0.2 | N25: 850 | O25: 8500 | P25: 3 | Q25: 0.06 | R25: 3000 | S25: 10000 | T25: 0.2 | U25: 0.22
A26: D4R0.5 | B26: 3200 | C26: 12000 | D26: 2 | E26: 0.08 | F26: 3000 | G26: 12000 | H26: 2 | I26: 0.2 | J26: 3000 | K26: 12000 | L26: 0.15 | M26: 0.15 | N26: 700 | O26: 9000 | P26: 2 | Q26: 0.06 | R26: 3000 | S26: 13000 | T26: 0.17 | U26: 0.17
A27: R6 | B27: 2500 | C27: 5500 | D27: 0.35 | E27: 0.3 | F27: 3000 | G27: 7200 | H27: 0.35 | I27: 0.3 | J27: 2850 | K27: 8500 | L27: 0.22 | M27: 0.22 | R27: 3000 | S27: 8500 | T27: 0.35 | U27: 0.35
A28: R4 | B28: 3000 | C28: 7500 | D28: 0.35 | E28: 0.25 | F28: 3000 | G28: 8500 | H28: 0.35 | I28: 0.3 | J28: 2850 | K28: 9000 | L28: 0.22 | M28: 0.22 | R28: 3000 | S28: 10000 | T28: 0.32 | U28: 0.32
A29: R3 | B29: 3000 | C29: 9500 | D29: 0.3 | E29: 0.2 | F29: 2800 | G29: 10000 | H29: 0.3 | I29: 0.25 | J29: 3000 | K29: 11000 | L29: 0.18 | M29: 0.18 | R29: 3000 | S29: 12000 | T29: 0.27 | U29: 0.27
A30: R2 | B30: 3000 | C30: 12000 | D30: 0.25 | E30: 0.18 | F30: 2800 | G30: 12000 | H30: 0.22 | I30: 0.18 | J30: 3000 | K30: 12000 | L30: 0.18 | M30: 0.18 | R30: 2600 | S30: 13000 | T30: 0.23 | U30: 0.23
A31: R1.5 | F31: 2200 | G31: 13000 | H31: 0.15 | I31: 0.12 | J31: 2800 | K31: 13500 | L31: 0.15 | M31: 0.15 | R31: 2500 | S31: 13500 | T31: 0.17 | U31: 0.17
A33: 26ER0.8 | J33: 3000 | K33: 1650 | L33: 0.2 | M33: 0.22 | N33: 850 | O33: 1800 | P33: 16 | Q33: 0.1 | R33: 3000 | S33: 1800 | T33: 0.3 | U33: 0.3
A34: 21ER2
A35: 21ER0.8 | J35: 3000 | K35: 1800 | L35: 0.2 | M35: 0.18 | N35: 850 | O35: 1800 | P35: 10 | Q35: 0.1 | R35: 3000 | S35: 1800 | T35: 0.3 | U35: 0.3
A36: 17ER0.8
A37: 16BR8 | J37: 3200 | K37: 5000 | L37: 0.25 | M37: 0.25 | R37: 3500 | S37: 5000 | T37: 0.38 | U37: 0.38
A38: 12BR6 | J38: 3200 | K38: 5500 | L38: 0.22 | M38: 0.22 | R38: 3500 | S38: 5500 | T38: 0.35 | U38: 0.35
A39: 制表：刘亚超 2009-06-15 | M39: 审核：
A42: CNC 钢料 切削参数表（低速机）
M43: 代码诠释：
M44: D=刀具直径 R=刀角半径
M45: F=进给速率 S=主轴转数
M46: Vc=线性切削速度 (m/min) Fz=每齿切削量(mm/tooth)
M47: Ae=径向进给量 (mm) Ap=轴向进给量(mm)
M48: 加工参数的注意事项：
M49: 1 当刀具长度在直径的5倍以内下列参数适用.切记!刀具长度不可大过直径的9倍
M50: 2 当刀具长度在直径的5倍以上时需将F/S值下调10%；Ae/Ap减小30%
M51: 3 工件在精加工之前需保证余量均匀；不可让刀具产生过大的切削负荷
H52: n=主轴转数（公式套用） | M52: 4 工件锐角处需做过渡圆角；钢料为R2、铜料为R1 石墨为R0.6
A53: 刀具 | B53: 开粗 | F53: 半精加工 | J53: 仿形精加工 | N53: 底面/侧面精加工 | R53: PL面仿形精加工
B54: Vc=130-160 Fz=0.22 | F54: Vc=110-200 Fz=0.15 | J54: Vc=80-200 Fz=0.1 | N54: Vc=150-200 Fz=0.035 | R54: Vc=160-200 Fz=0.13
B55: F | C55: S | D55: ae | E55: ap | F55: F | G55: S | H55: ae | I55: ap | J55: F | K55: S | L55: ae | M55: ap | N55: F | O55: S | P55: ae | Q55: ap | R55: F | S55: S | T55: ae | U55: ap
A56: D12 | B56: 3200 | C56: 4350 | D56: 7.5 | E56: 0.2 | F56: 3200 | G56: 6000 | H56: 7 | I56: 0.25 | J56: 3000 | K56: 6000 | L56: 0.1 | M56: 0.1 | N56: 800 | O56: 6000 | P56: 0.08 | Q56: 0.05
A57: D8 | B57: 3000 | C57: 6000 | D57: 5 | E57: 0.17 | F57: 3200 | G57: 6000 | H57: 5 | I57: 0.25 | J57: 3000 | K57: 6000 | L57: 0.1 | M57: 0.1 | N57: 750 | O57: 6000 | P57: 0.08 | Q57: 0.05
A58: D6 | B58: 2800 | C58: 6000 | D58: 3.5 | E58: 0.1 | F58: 3200 | G58: 6000 | H58: 3.5 | I58: 0.2 | J58: 3000 | K58: 6000 | L58: 0.07 | M58: 0.07 | N58: 750 | O58: 6000 | P58: 0.06 | Q58: 0.05
A59: D4 | F59: 3000 | G59: 6000 | H59: 2 | I59: 0.15 | J59: 2800 | K59: 6000 | L59: 0.05 | M59: 0.05 | N59: 700 | O59: 6000 | P59: 0.05 | Q59: 0.05
A60: D3 | F60: 2600 | G60: 6000 | H60: 1.5 | I60: 0.08 | J60: 2200 | K60: 6000 | L60: 0.035 | M60: 0.035 | N60: 700 | O60: 6000 | P60: 0.03 | Q60: 0.05
A61: D12R0.5 | B61: 3500 | C61: 6000 | D61: 7 | E61: 0.2 | F61: 3200 | G61: 6000 | H61: 7 | I61: 0.3 | J61: 3000 | K61: 6000 | L61: 0.2 | M61: 0.22 | N61: 800 | O61: 6000 | P61: 7 | Q61: 0.06 | R61: 3000 | S61: 6000 | T61: 0.25 | U61: 0.28
A62: D8R0.5 | B62: 3800 | C62: 6000 | D62: 4 | E62: 0.17 | F62: 3200 | G62: 6000 | H62: 4 | I62: 0.3 | J62: 3000 | K62: 6000 | L62: 0.2 | M62: 0.2 | N62: 800 | O62: 6000 | P62: 5 | Q62: 0.06 | R62: 3000 | S62: 6000 | T62: 0.25 | U62: 0.28
A63: D6R0.5 | B63: 2800 | C63: 6000 | D63: 3 | E63: 0.1 | F63: 3000 | G63: 6000 | H63: 3 | I63: 0.25 | J63: 3000 | K63: 6000 | L63: 0.2 | M63: 0.2 | N63: 800 | O63: 6000 | P63: 3 | Q63: 0.06 | R63: 2800 | S63: 6000 | T63: 0.2 | U63: 0.22
A64: D4R0.5 | F64: 2600 | G64: 6000 | H64: 2 | I64: 0.15 | J64: 2650 | K64: 6000 | L64: 0.15 | M64: 0.15 | N64: 700 | O64: 6000 | P64: 2 | Q64: 0.05 | R64: 2500 | S64: 6000 | T64: 0.15 | U64: 0.18
A65: R6 | B65: 2500 | C65: 6000 | D65: 0.35 | E65: 0.3 | F65: 3200 | G65: 6000 | H65: 0.3 | I65: 0.3 | J65: 3000 | K65: 6000 | L65: 0.22 | M65: 0.22 | R65: 3000 | S65: 6000 | T65: 0.35 | U65: 0.35
A66: R4 | B66: 3000 | C66: 6000 | D66: 0.35 | E66: 0.25 | F66: 3200 | G66: 6000 | H66: 0.3 | I66: 0.3 | J66: 3000 | K66: 6000 | L66: 0.22 | M66: 0.22 | R66: 3000 | S66: 6000 | T66: 0.32 | U66: 0.32
A67: R3 | B67: 2800 | C67: 6000 | D67: 0.3 | E67: 0.2 | F67: 3000 | G67: 6000 | H67: 0.25 | I67: 0.25 | J67: 2800 | K67: 6000 | L67: 0.18 | M67: 0.18 | R67: 3000 | S67: 6000 | T67: 0.28 | U67: 0.28
A68: R2 | B68: 2200 | C68: 6000 | D68: 0.22 | E68: 0.15 | F68: 2650 | G68: 6000 | H68: 0.15 | I68: 0.15 | J68: 2650 | K68: 6000 | L68: 0.15 | M68: 0.15 | R68: 2500 | S68: 6000 | T68: 0.22 | U68: 0.22
A69: R1.5 | F69: 2000 | G69: 6000 | H69: 0.12 | I69: 0.1 | J69: 1800 | K69: 6000 | L69: 0.15 | M69: 0.15 | R69: 2000 | S69: 6000 | T69: 0.18 | U69: 0.18
A70: R1
A71: 30ER5 | B71: 3500 | C71: 1600 | D71: 16.5 | E71: 0.45 | F71: 3500 | G71: 1600 | H71: 16 | I71: 0.4
A72: 26ER0.8 | B72: 3500 | C72: 1650 | D72: 15 | E72: 0.4 | F72: 3500 | G72: 1650 | H72: 15 | I72: 0.35 | J72: 3000 | K72: 1650 | L72: 0.2 | M72: 0.22 | N72: 850 | O72: 1800 | P72: 16 | Q72: 0.1 | R72: 3000 | S72: 1800 | T72: 0.25 | U72: 0.25
A73: 21ER2 | B73: 3500 | C73: 1800 | D73: 13 | E73: 0.45 | F73: 3500 | G73: 1800 | H73: 13 | I73: 0.4
A74: 21ER0.8 | B74: 3500 | C74: 1800 | D74: 11 | E74: 0.4 | F74: 3500 | G74: 1800 | H74: 11 | I74: 0.35 | J74: 3000 | K74: 1800 | L74: 0.2 | M74: 0.2 | N74: 850 | O74: 1800 | P74: 10 | Q74: 0.1 | R74: 3000 | S74: 1800 | T74: 0.25 | U74: 0.25
A75: 17ER0.8 | B75: 3200 | C75: 1850 | D75: 9 | E75: 0.4 | F75: 3500 | G75: 1850 | H75: 9 | I75: 0.35 | J75: 3000 | K75: 1850 | L75: 0.2 | M75: 0.2 | N75: 850 | O75: 1850 | P75: 10 | Q75: 0.1 | R75: 3000 | S75: 1800 | T75: 0.25 | U75: 0.25
A76: 16BR8 | J76: 3000 | K76: 5000 | L76: 0.25 | M76: 0.25 | R76: 3500 | S76: 5000 | T76: 0.35 | U76: 0.35
A77: 12BR6 | J77: 3000 | K77: 5500 | L77: 0.22 | M77: 0.22 | R77: 3500 | S77: 5500 | T77: 0.35 | U77: 0.35
A78: 制表：刘亚超 2009-06-15 | M78: 审核：
A81: CNC 铜料电极 切削参数表
M82: 代码诠释：
M83: D=刀具直径 R=刀角半径
M84: F=进给速率 S=主轴转数
M85: Vc=线性切削速度 (m/min) Fz=每齿切削量(mm/tooth)
M86: Ae=径向进给量 (mm) Ap=轴向进给量(mm)
M87: 加工参数的注意事项：
M88: 1 当刀具长度在直径的5倍以内下列参数适用.切记!刀具长度不可大过直径的9倍
M89: 2 当刀具长度在直径的5倍以上时需将F/S值下调10%；Ae/Ap减小30%
M90: 3 工件在精加工之前需保证余量均匀；不可让刀具产生过大的切削负荷
H91: n=主轴转数（公式套用） | M91: 4 工件锐角处需做过渡圆角；钢料为R2、铜料为R1 石墨为R0.6
A92: 刀具 | B92: 开粗 | F92: 半精加工 | J92: 仿形精加工 | N92: 底面/侧面精加工 | R92: 细小工件/骨位精加工
B93: Vc=110-300 Fz=0.2 | F93: Vc=110-300 Fz=0.15 | J93: Vc=150-320 Fz=0.1 | N93: Vc=150-200 Fz=0.05 | R93: Vc=160-200 Fz=0.1
B94: F | C94: S | D94: ae | E94: ap | F94: F | G94: S | H94: ae | I94: ap | J94: F | K94: S | L94: ae | M94: ap | N94: F | O94: S | P94: ae | Q94: ap | R94: F | S94: S | T94: ae | U94: ap
A95: D12 | B95: 4500 | C95: 7500 | D95: 6 | E95: 0.45 | F95: 4000 | G95: 7500 | H95: 6 | I95: 0.35 | J95: 3200 | K95: 8000 | L95: 0.12 | M95: 0.12 | N95: 850 | O95: 7000 | P95: 0.1 | Q95: 0.1
A96: D8 | B96: 4500 | C96: 9000 | D96: 4 | E96: 0.45 | F96: 4000 | G96: 9000 | H96: 4 | I96: 0.35 | J96: 3500 | K96: 9200 | L96: 0.12 | M96: 0.12 | N96: 850 | O96: 8500 | P96: 0.1 | Q96: 0.1
A97: D6 | B97: 4000 | C97: 9500 | D97: 3 | E97: 0.3 | F97: 4000 | G97: 9500 | H97: 3 | I97: 0.3 | J97: 3500 | K97: 11000 | L97: 0.1 | M97: 0.1 | N97: 850 | O97: 8800 | P97: 0.1 | Q97: 0.1 | R97: 2000 | S97: 11500 | T97: 0.05 | U97: 0.1
A98: D4 | B98: 3500 | C98: 11000 | D98: 2 | E98: 0.25 | F98: 3500 | G98: 11000 | H98: 2 | I98: 0.25 | J98: 3200 | K98: 12000 | L98: 0.1 | M98: 0.1 | N98: 800 | O98: 9000 | P98: 0.1 | Q98: 0.1 | R98: 1500 | S98: 13000 | T98: 0.05 | U98: 0.1
A99: D3 | B99: 3000 | C99: 12500 | D99: 1.5 | E99: 0.2 | F99: 3000 | G99: 12500 | H99: 1.5 | I99: 0.15 | J99: 3000 | K99: 13000 | L99: 0.08 | M99: 0.08 | N99: 700 | O99: 10000 | P99: 0.05 | Q99: 0.08 | R99: 1500 | S99: 13000 | T99: 0.05 | U99: 0.08
A100: D2 | B100: 2800 | C100: 13000 | D100: 1 | E100: 0.15 | F100: 3000 | G100: 13000 | H100: 1 | I100: 0.13 | J100: 2500 | K100: 14500 | L100: 0.05 | M100: 0.05 | N100: 650 | O100: 12000 | P100: 0.05 | Q100: 0.08 | R100: 1200 | S100: 14000 | T100: 0.05 | U100: 0.06
A101: D1.5 | B101: 2300 | C101: 13500 | D101: 0.5 | E101: 0.12 | F101: 2200 | G101: 13500 | H101: 0.5 | I101: 0.1 | J101: 2000 | K101: 15000 | L101: 0.05 | M101: 0.05 | N101: 600 | O101: 12500 | P101: 0.05 | Q101: 0.05 | R101: 1000 | S101: 14500 | T101: 0.03 | U101: 0.05
A102: D1 | J102: 1800 | K102: 15000 | L102: 0.05 | M102: 0.05 | R102: 850 | S102: 15000 | T102: 0.03 | U102: 0.03
A103: D12R0.5 | B103: 4500 | C103: 8000 | D103: 6 | E103: 0.45 | F103: 4000 | G103: 8000 | H103: 6 | I103: 0.4 | J103: 3200 | K103: 8000 | L103: 0.15 | M103: 0.25 | N103: 850 | O103: 7500 | P103: 6.5 | Q103: 0.1
A104: D8R0.5 | B104: 4500 | C104: 9000 | D104: 4 | E104: 0.45 | F104: 4000 | G104: 9000 | H104: 4 | I104: 0.4 | J104: 3500 | K104: 9500 | L104: 0.15 | M104: 0.22 | N104: 850 | O104: 8500 | P104: 4.5 | Q104: 0.1
A105: D6R0.5 | B105: 4000 | C105: 9500 | D105: 3 | E105: 0.3 | F105: 4000 | G105: 9500 | H105: 3 | I105: 0.3 | J105: 3500 | K105: 11000 | L105: 0.1 | M105: 0.22 | N105: 850 | O105: 9000 | P105: 3.5 | Q105: 0.1
...

Sheet 尺寸链计算
A1: 设计尺寸链 | H1: 极值法 工艺尺寸链 | M1: 概率法 工艺尺寸链 | V1: 转换为非双向偏差
A2: 组成环尺寸 | H2: 组成环尺寸 | M2: 试算 组成环尺寸 | S2: 调整后组成环尺寸 | V2: 组成环尺寸
A3: 基本尺寸 | B3: 极限 偏差 | C3: 极限尺寸 | D3: 组成环属性 | F3: 选择加工 封闭环 | H3: 基本尺寸 | I3: 设定 偏差 | J3: 极限尺寸 | K3: 组成环属性 | M3: 基本尺寸 | N3: 原尺寸 双向偏差 | P3: 设定 偏差 | Q3: 公差 | R3: 极限尺寸 | S3: 基本尺寸 | T3: 极限尺寸 | U3: 组成环 属性 | V3: 基本尺寸 | W3: 极限偏差
A4: 42.2 | B4: 0 | C4: =IF(A4="","",A4+B4) -> 42.2 | D4: 增环 | F4: 封闭环 | H4: =IF(AND(F4<>"封闭环",A4<>""),A4,"") | J4: =IF(H4="","",H4+I4) | M4: =IF(AND(F4<>"封闭环",A4<>""),(C4+C5)/2,"") | N4: =IF(M4<>"","±","") | O4: =IF(M4<>"",ABS((B4+B5)/2),"") | Q4: =IF(M4<>"",P4*2,"") | R4: =IF(M4="","",M4+P4) | T4: =IF(S4="","",S4+P4) | U4: =IF(M4<>"",K4,"") | V4: =IF(AND(F4<>"封闭环",H4<>""),H4,"") | W4: =IF(V4<>"",T4-V4,"")
B5: -0.16 | C5: =IF(A4="","",A4+B5) -> 42.04 | J5: =IF(H4="","",H4+I5) | R5: =IF(M4="","",M4-P4) | T5: =IF(S4="","",S4-P4) | W5: =IF(V4<>"",T5-V4,"")
A6: 12.6 | B6: 0.11 | C6: =IF(A6="","",A6+B6) -> 12.71 | D6: 减环 | H6: =IF(AND(F6<>"封闭环",A6<>""),A6,"") -> 12.6 | I6: 0.11 | J6: =IF(H6="","",H6+I6) -> 12.71 | K6: 增环 | M6: =IF(AND(F6<>"封闭环",A6<>""),(C6+C7)/2,"") -> 12.655 | N6: =IF(M6<>"","±","") -> ± | O6: =IF(M6<>"",ABS((B6+B7)/2),"") -> 0.055 | P6: 0.05 | Q6: =IF(M6<>"",P6*2,"") -> 0.1 | R6: =IF(M6="","",M6+P6) -> 12.705 | S6: 12.65 | T6: =IF(S6="","",S6+P6) -> 12.7 | U6: =IF(M6<>"",K6,"") -> 增环 | V6: =IF(AND(F6<>"封闭环",H6<>""),H6,"") -> 12.6 | W6: =IF(V6<>"",T6-V6,"") -> 0.1
B7: 0 | C7: =IF(A6="","",A6+B7) -> 12.6 | I7: 0 | J7: =IF(H6="","",H6+I7) -> 12.6 | R7: =IF(M6="","",M6-P6) -> 12.605 | T7: =IF(S6="","",S6-P6) -> 12.6 | W7: =IF(V6<>"",T7-V6,"") -> 0
A8: 6 | B8: 0 | C8: =IF(A8="","",A8+B8) -> 6 | D8: 减环 | H8: =IF(AND(F8<>"封闭环",A8<>""),A8,"") -> 6 | I8: 0 | J8: =IF(H8="","",H8+I8) -> 6 | K8: 增环 | M8: =IF(AND(F8<>"封闭环",A8<>""),(C8+C9)/2,"") -> 5.9625 | N8: =IF(M8<>"","±","") -> ± | O8: =IF(M8<>"",ABS((B8+B9)/2),"") -> 0.0375 | P8: 0.038 | Q8: =IF(M8<>"",P8*2,"") -> 0.076 | R8: =IF(M8="","",M8+P8) -> 6.0005 | S8: 5.962 | T8: =IF(S8="","",S8+P8) -> 6 | U8: =IF(M8<>"",K8,"") -> 增环 | V8: =IF(AND(F8<>"封闭环",H8<>""),H8,"") -> 6 | W8: =IF(V8<>"",T8-V8,"") -> 0
B9: -0.075 | C9: =IF(A8="","",A8+B9) -> 5.925 | I9: -0.075 | J9: =IF(H8="","",H8+I9) -> 5.925 | R9: =IF(M8="","",M8-P8) -> 5.9245 | T9: =IF(S8="","",S8-P8) -> 5.924 | W9: =IF(V8<>"",T9-V8,"") -> -0.076
C10: =IF(A10="","",A10+B10) | H10: =IF(AND(F10<>"封闭环",A10<>""),A10,"") | J10: =IF(H10="","",H10+I10) | M10: =IF(AND(F10<>"封闭环",A10<>""),(C10+C11)/2,"") | N10: =IF(M10<>"","±","") | O10: =IF(M10<>"",ABS((B10+B11)/2),"") | Q10: =IF(M10<>"",P10*2,"") | R10: =IF(M10="","",M10+P10) | T10: =IF(S10="","",S10+P10) | U10: =IF(M10<>"",K10,"") | V10: =IF(AND(F10<>"封闭环",H10<>""),H10,"") | W10: =IF(V10<>"",T10-V10,"")
C11: =IF(A10="","",A10+B11) | J11: =IF(H10="","",H10+I11) | R11: =IF(M10="","",M10-P10) | T11: =IF(S10="","",S10-P10) | W11: =IF(V10<>"",T11-V10,"")
C12: =IF(A12="","",A12+B12) | H12: =IF(AND(F12<>"封闭环",A12<>""),A12,"") | J12: =IF(H12="","",H12+I12) | M12: =IF(AND(F12<>"封闭环",A12<>""),(C12+C13)/2,"") | N12: =IF(M12<>"","±","") | O12: =IF(M12<>"",ABS((B12+B13)/2),"") | Q12: =IF(M12<>"",P12*2,"") | R12: =IF(M12="","",M12+P12) | T12: =IF(S12="","",S12+P12) | U12: =IF(M12<>"",K12,"") | V12: =IF(AND(F12<>"封闭环",H12<>""),H12,"") | W12: =IF(V12<>"",T12-V12,"")
C13: =IF(A12="","",A12+B13) | J13: =IF(H12="","",H12+I13) | R13: =IF(M12="","",M12-P12) | T13: =IF(S12="","",S12-P12) | W13: =IF(V12<>"",T13-V12,"")
C14: =IF(A14="","",A14+B14) | H14: =IF(AND(F14<>"封闭环",A14<>""),A14,"") | J14: =IF(H14="","",H14+I14) | M14: =IF(AND(F14<>"封闭环",A14<>""),(C14+C15)/2,"") | N14: =IF(M14<>"","±","") | O14: =IF(M14<>"",ABS((B14+B15)/2),"") | Q14: =IF(M14<>"",P14*2,"") | R14: =IF(M14="","",M14+P14) | T14: =IF(S14="","",S14+P14) | U14: =IF(M14<>"",K14,"") | V14: =IF(AND(F14<>"封闭环",H14<>""),H14,"") | W14: =IF(V14<>"",T14-V14,"")
C15: =IF(A14="","",A14+B15) | J15: =IF(H14="","",H14+I15) | R15: =IF(M14="","",M14-P14) | T15: =IF(S14="","",S14-P14) | W15: =IF(V14<>"",T15-V14,"")
C16: =IF(A16="","",A16+B16) | H16: =IF(AND(F16<>"封闭环",A16<>""),A16,"") | J16: =IF(H16="","",H16+I16) | M16: =IF(AND(F16<>"封闭环",A16<>""),(C16+C17)/2,"") | N16: =IF(M16<>"","±","") | O16: =IF(M16<>"",ABS((B16+B17)/2),"") | Q16: =IF(M16<>"",P16*2,"") | R16: =IF(M16="","",M16+P16) | T16: =IF(S16="","",S16+P16) | U16: =IF(M16<>"",K16,"") | V16: =IF(AND(F16<>"封闭环",H16<>""),H16,"") | W16: =IF(V16<>"",T16-V16,"")
C17: =IF(A16="","",A16+B17) | J17: =IF(H16="","",H16+I17) | R17: =IF(M16="","",M16-P16) | T17: =IF(S16="","",S16-P16) | W17: =IF(V16<>"",T17-V16,"")
C18: =IF(A18="","",A18+B18) | H18: =IF(AND(F18<>"封闭环",A18<>""),A18,"") | J18: =IF(H18="","",H18+I18) | M18: =IF(AND(F18<>"封闭环",A18<>""),(C18+C19)/2,"") | N18: =IF(M18<>"","±","") | O18: =IF(M18<>"",ABS((B18+B19)/2),"") | Q18: =IF(M18<>"",P18*2,"") | R18: =IF(M18="","",M18+P18) | T18: =IF(S18="","",S18+P18) | U18: =IF(M18<>"",K18,"") | V18: =IF(AND(F18<>"封闭环",H18<>""),H18,"") | W18: =IF(V18<>"",T18-V18,"")
C19: =IF(A18="","",A18+B19) | J19: =IF(H18="","",H18+I19) | R19: =IF(M18="","",M18-P18) | T19: =IF(S18="","",S18-P18) | W19: =IF(V18<>"",T19-V18,"")
C20: =IF(A20="","",A20+B20) | H20: =IF(AND(F20<>"封闭环",A20<>""),A20,"") | J20: =IF(H20="","",H20+I20) | M20: =IF(AND(F20<>"封闭环",A20<>""),(C20+C21)/2,"") | N20: =IF(M20<>"","±","") | O20: =IF(M20<>"",ABS((B20+B21)/2),"") | Q20: =IF(M20<>"",P20*2,"") | R20: =IF(M20="","",M20+P20) | T20: =IF(S20="","",S20+P20) | U20: =IF(M20<>"",K20,"") | V20: =IF(AND(F20<>"封闭环",H20<>""),H20,"") | W20: =IF(V20<>"",T20-V20,"")
C21: =IF(A20="","",A20+B21) | J21: =IF(H20="","",H20+I21) | R21: =IF(M20="","",M20-P20) | T21: =IF(S20="","",S20-P20) | W21: =IF(V20<>"",T21-V20,"")
C22: =IF(A22="","",A22+B22) | H22: =IF(AND(F22<>"封闭环",A22<>""),A22,"") | J22: =IF(H22="","",H22+I22) | M22: =IF(AND(F22<>"封闭环",A22<>""),(C22+C23)/2,"") | N22: =IF(M22<>"","±","") | O22: =IF(M22<>"",ABS((B22+B23)/2),"") | Q22: =IF(M22<>"",P22*2,"") | R22: =IF(M22="","",M22+P22) | T22: =IF(S22="","",S22+P22) | U22: =IF(M22<>"",K22,"") | V22: =IF(AND(F22<>"封闭环",H22<>""),H22,"") | W22: =IF(V22<>"",T22-V22,"")
C23: =IF(A22="","",A22+B23) | J23: =IF(H22="","",H22+I23) | R23: =IF(M22="","",M22-P22) | T23: =IF(S22="","",S22-P22) | W23: =IF(V22<>"",T23-V22,"")
H24: =IF(A28<>0,A28,"") -> 23.6 | I24: 0.05 | J24: =IF(H24="","",H24+I24) -> 23.65 | K24: 增环 | M24: =IF(A28<>0,A28,"") -> 23.6 | N24: =IF(M24<>"","±","") -> ± | P24: 0.05 | Q24: =IF(M24<>"",P24*2,"") -> 0.1 | R24: =IF(M24="","",M24+P24) -> 23.65 | S24: 23.51 | T24: =IF(S24="","",S24+P24) -> 23.56 | U24: =IF(M24<>"",K24,"") -> 增环 | V24: =IF(AND(F24<>"封闭环",H24<>""),H24,"") -> 23.6 | W24: =IF(V24<>"",T24-V24,"") -> -0.04
I25: -0.05 | J25: =IF(H24="","",H24+I25) -> 23.55 | R25: =IF(M24="","",M24-P24) -> 23.55 | T25: =IF(S24="","",S24-P24) -> 23.46 | W25: =IF(V24<>"",T25-V24,"") -> -0.14
A26: 封闭环尺寸 | H26: 封闭环尺寸 | M26: 试算 封闭环尺寸 | S26: 调整后封闭环尺寸 | V26: 封闭环尺寸
A27: 基本尺寸 | B27: 极限 偏差 | C27: 极限尺寸 | H27: 基本尺寸 | I27: 极限 偏差 | J27: 极限尺寸 | M27: 基本尺寸 | N27: 极限偏差 | R27: 极限尺寸 | S27: 基本尺寸 | T27: 极限尺寸 | V27: 基本尺寸 | W27: 极限偏差
A28: =SUMIF(D4:D23,"增环",A4:A23)-SUMIF(D4:D23,"减环",A4:A23) -> 23.6 | B28: =[5]公差计算表!F15-[5]公差计算表!I15 -> 0.075 | C28: =IF(A28="","",A28+B28) -> 23.675 | H28: =SUMIF(K4:K25,"增环",H4:H25)-SUMIF(K4:K25,"减环",H4:H25) -> 42.2 | I28: =[5]公差计算表!O16-[5]公差计算表!R16 -> 0.16 | J28: =IF(H28="","",H28+I28) -> 42.36 | M28: =SUMIF(U4:U25,"增环",M4:M25)-SUMIF(U4:U25,"减环",M4:M25) -> 42.2175 | N28: =IF(M28<>"","±","") -> ± | O28: =SQRT(SUMSQ(Q4:Q25))/2 -> 0.080274529 | R28: =IF(M28="","",M28+O28) -> 42.297775 | S28: =SUMIF(U4:U25,"增环",S4:S25)-SUMIF(U4:U25,"减环",S4:S25) -> 42.122 | T28: =IF(S28="","",S28+O28) -> 42.202275 | V28: =SUMIF(U4:U25,"增环",V4:V25)-SUMIF(U4:U25,"减环",V4:V25) -> 42.2 | W28: =IF(V28<>"",T28-V28,"") -> 0.002274529
B29: =[5]公差计算表!G15-[5]公差计算表!H15 -> -0.27 | C29: =IF(A28="","",A28+B29) -> 23.33 | I29: =[5]公差计算表!P16-[5]公差计算表!Q16 -> -0.125 | J29: =IF(H28="","",H28+I29) -> 42.075 | R29: =IF(M28="","",M28-O28) -> 42.137225 | T29: =IF(S28="","",S28-O28) -> 42.041725 | W29: =IF(V28<>"",T29-V28,"") -> -0.15827453
M30: 红色框区与设计尺寸比较→ | Q30: =INDEX(A4:A23,MATCH("封闭环",F4:F23,0),1) -> 42.2 | S30: =INDEX(B4:B23,MATCH("封闭环",F4:F23,0),1) -> 0 | T30: =INDEX(C4:C23,ROW(INDEX(A4:A23,MATCH("封闭环",F4:F23,0),1))-3,1) -> 42.2
S31: =INDEX(B4:B23,MATCH("封闭环",F4:F23,0)+1,1) -> -0.16 | T31: =INDEX(C4:C23,ROW(INDEX(A4:A23,MATCH("封闭环",F4:F23,0),1))-2,1) -> 42.04
A33: 1、本计算表主要用于产品线性工艺尺寸链计算，角度及空间尺寸链不在本表计算范围内。
A34: 2、本计算表包括极值和概率两种方法，其中概率法假设各尺寸链公差处于正态分布状态，其他非正态分布的情况因比较复杂此表不考虑。
A35: 3、■区域为人工输入区或采用下拉菜单输入区，其他颜色区域不需填写，由计算表自动计算。
A36: 4、本计算表欢迎各位同行试用和建议。
A37: 5、作者：张滨 QQ：361270178
D39: 增环 | F39: 封闭环
D40: 减环

Sheet 尺寸链知识
C4: 工艺尺寸链.pdf
C6: 装配尺寸链.ppt
C8: GBT5487-86 尺寸链计算方法.pdf

Sheet 公差计算表
B2: 设计尺寸链 公差计算表 | K2: 极值法 工艺尺寸链 公差计算表
B3: 序号 | C3: 组成环 | F3: 增环 | H3: 减环 | K3: 序号 | L3: 组成环 | O3: 增环 | Q3: 减环
C4: 环属性 | D4: 上偏差 | E4: 下偏差 | F4: 上偏差 | G4: 下偏差 | H4: 上偏差 | I4: 下偏差 | L4: 环属性 | M4: 上偏差 | N4: 下偏差 | O4: 上偏差 | P4: 下偏差 | Q4: 上偏差 | R4: 下偏差
B5: 1 | C5: =[5]尺寸链计算!D4 -> 增环 | D5: =[5]尺寸链计算!B4 -> 0 | E5: =[5]尺寸链计算!B5 -> -0.16 | F5: =IF(C5="增环",D5,"") -> 0 | G5: =IF(C5="增环",E5,"") -> -0.16 | H5: =IF(C5="减环",D5,"") | I5: =IF(C5="减环",E5,"") | K5: 1 | L5: =[5]尺寸链计算!K4 -> 0 | M5: =[5]尺寸链计算!I4 -> 0 | N5: =[5]尺寸链计算!I5 -> 0 | O5: =IF(L5="增环",M5,"") | P5: =IF(L5="增环",N5,"") | Q5: =IF(L5="减环",M5,"") | R5: =IF(L5="减环",N5,"")
B6: 2 | C6: =[5]尺寸链计算!D6 -> 减环 | D6: =[5]尺寸链计算!B6 -> 0.11 | E6: =[5]尺寸链计算!B7 -> 0 | F6: =IF(C6="增环",D6,"") | G6: =IF(C6="增环",E6,"") | H6: =IF(C6="减环",D6,"") -> 0.11 | I6: =IF(C6="减环",E6,"") -> 0 | K6: 2 | L6: =[5]尺寸链计算!K6 -> 增环 | M6: =[5]尺寸链计算!I6 -> 0.11 | N6: =[5]尺寸链计算!I7 -> 0 | O6: =IF(L6="增环",M6,"") -> 0.11 | P6: =IF(L6="增环",N6,"") -> 0 | Q6: =IF(L6="减环",M6,"") | R6: =IF(L6="减环",N6,"")
B7: 3 | C7: =[5]尺寸链计算!D8 -> 减环 | D7: =[5]尺寸链计算!B8 -> 0 | E7: =[5]尺寸链计算!B9 -> -0.075 | F7: =IF(C7="增环",D7,"") | G7: =IF(C7="增环",E7,"") | H7: =IF(C7="减环",D7,"") -> 0 | I7: =IF(C7="减环",E7,"") -> -0.075 | K7: 3 | L7: =[5]尺寸链计算!K8 -> 增环 | M7: =[5]尺寸链计算!I8 -> 0 | N7: =[5]尺寸链计算!I9 -> -0.075 | O7: =IF(L7="增环",M7,"") -> 0 | P7: =IF(L7="增环",N7,"") -> -0.075 | Q7: =IF(L7="减环",M7,"") | R7: =IF(L7="减环",N7,"")
B8: 4 | C8: =[5]尺寸链计算!D10 -> 0 | D8: =[5]尺寸链计算!B10 -> 0 | E8: =[5]尺寸链计算!B11 -> 0 | F8: =IF(C8="增环",D8,"") | G8: =IF(C8="增环",E8,"") | H8: =IF(C8="减环",D8,"") | I8: =IF(C8="减环",E8,"") | K8: 4 | L8: =[5]尺寸链计算!K10 -> 0 | M8: =[5]尺寸链计算!I10 -> 0 | N8: =[5]尺寸链计算!I11 -> 0 | O8: =IF(L8="增环",M8,"") | P8: =IF(L8="增环",N8,"") | Q8: =IF(L8="减环",M8,"") | R8: =IF(L8="减环",N8,"")
B9: 5 | C9: =[5]尺寸链计算!D12 -> 0 | D9: =[5]尺寸链计算!B12 -> 0 | E9: =[5]尺寸链计算!B13 -> 0 | F9: =IF(C9="增环",D9,"") | G9: =IF(C9="增环",E9,"") | H9: =IF(C9="减环",D9,"") | I9: =IF(C9="减环",E9,"") | K9: 5 | L9: =[5]尺寸链计算!K12 -> 0 | M9: =[5]尺寸链计算!I12 -> 0 | N9: =[5]尺寸链计算!I13 -> 0 | O9: =IF(L9="增环",M9,"") | P9: =IF(L9="增环",N9,"") | Q9: =IF(L9="减环",M9,"") | R9: =IF(L9="减环",N9,"")
B10: 6 | C10: =[5]尺寸链计算!D14 -> 0 | D10: =[5]尺寸链计算!B14 -> 0 | E10: =[5]尺寸链计算!B15 -> 0 | F10: =IF(C10="增环",D10,"") | G10: =IF(C10="增环",E10,"") | H10: =IF(C10="减环",D10,"") | I10: =IF(C10="减环",E10,"") | K10: 6 | L10: =[5]尺寸链计算!K14 -> 0 | M10: =[5]尺寸链计算!I14 -> 0 | N10: =[5]尺寸链计算!I15 -> 0 | O10: =IF(L10="增环",M10,"") | P10: =IF(L10="增环",N10,"") | Q10: =IF(L10="减环",M10,"") | R10: =IF(L10="减环",N10,"")
B11: 7 | C11: =[5]尺寸链计算!D16 -> 0 | D11: =[5]尺寸链计算!B16 -> 0 | E11: =[5]尺寸链计算!B17 -> 0 | F11: =IF(C11="增环",D11,"") | G11: =IF(C11="增环",E11,"") | H11: =IF(C11="减环",D11,"") | I11: =IF(C11="减环",E11,"") | K11: 7 | L11: =[5]尺寸链计算!K16 -> 0 | M11: =[5]尺寸链计算!I16 -> 0 | N11: =[5]尺寸链计算!I17 -> 0 | O11: =IF(L11="增环",M11,"") | P11: =IF(L11="增环",N11,"") | Q11: =IF(L11="减环",M11,"") | R11: =IF(L11="减环",N11,"")
B12: 8 | C12: =[5]尺寸链计算!D18 -> 0 | D12: =[5]尺寸链计算!B18 -> 0 | E12: =[5]尺寸链计算!B19 -> 0 | F12: =IF(C12="增环",D12,"") | G12: =IF(C12="增环",E12,"") | H12: =IF(C12="减环",D12,"") | I12: =IF(C12="减环",E12,"") | K12: 8 | L12: =[5]尺寸链计算!K18 -> 0 | M12: =[5]尺寸链计算!I18 -> 0 | N12: =[5]尺寸链计算!I19 -> 0 | O12: =IF(L12="增环",M12,"") | P12: =IF(L12="增环",N12,"") | Q12: =IF(L12="减环",M12,"") | R12: =IF(L12="减环",N12,"")
B13: 9 | C13: =[5]尺寸链计算!D20 -> 0 | D13: =[5]尺寸链计算!B20 -> 0 | E13: =[5]尺寸链计算!B21 -> 0 | F13: =IF(C13="增环",D13,"") | G13: =IF(C13="增环",E13,"") | H13: =IF(C13="减环",D13,"") | I13: =IF(C13="减环",E13,"") | K13: 9 | L13: =[5]尺寸链计算!K20 -> 0 | M13: =[5]尺寸链计算!I20 -> 0 | N13: =[5]尺寸链计算!I21 -> 0 | O13: =IF(L13="增环",M13,"") | P13: =IF(L13="增环",N13,"") | Q13: =IF(L13="减环",M13,"") | R13: =IF(L13="减环",N13,"")
B14: 10 | C14: =[5]尺寸链计算!D22 -> 0 | D14: =[5]尺寸链计算!B22 -> 0 | E14: =[5]尺寸链计算!B23 -> 0 | F14: =IF(C14="增环",D14,"") | G14: =IF(C14="增环",E14,"") | H14: =IF(C14="减环",D14,"") | I14: =IF(C14="减环",E14,"") | K14: 10 | L14: =[5]尺寸链计算!K22 -> 0 | M14: =[5]尺寸链计算!I22 -> 0 | N14: =[5]尺寸链计算!I23 -> 0 | O14: =IF(L14="增环",M14,"") | P14: =IF(L14="增环",N14,"") | Q14: =IF(L14="减环",M14,"") | R14: =IF(L14="减环",N14,"")
B15: 增减环上下偏差累计和 | F15: =SUM(F5:F14) -> 0 | G15: =SUM(G5:G14) -> -0.16 | H15: =SUM(H5:H14) -> 0.11 | I15: =SUM(I5:I14) -> -0.075 | K15: 11 | L15: =[5]尺寸链计算!K24 -> 增环 | M15: =[5]尺寸链计算!I24 -> 0.05 | N15: =[5]尺寸链计算!I25 -> -0.05 | O15: =IF(L15="增环",M15,"") -> 0.05 | P15: =IF(L15="增环",N15,"") -> -0.05 | Q15: =IF(L15="减环",M15,"") | R15: =IF(L15="减环",N15,"")
K16: 增减环上下偏差累计和 | O16: =SUM(O5:O15) -> 0.16 | P16: =SUM(P5:P15) -> -0.125 | Q16: =SUM(Q5:Q15) -> 0 | R16: =SUM(R5:R15) -> 0

Sheet 尺寸链计算表
A1: 极值法求封闭环尺寸 | H1: 概率法求封闭环尺寸
A2: 增环 | D2: 减环 | H2: 增环 | M2: 减环
A3: 基本尺寸 | B3: 上偏差 | C3: 下偏差 | D3: 基本尺寸 | E3: 上偏差 | F3: 下偏差 | H3: 基本尺寸 | I3: 最大值 | J3: 最小值 | K3: 平均值 | L3: 公差平方 | M3: 基本尺寸 | N3: 最大值 | O3: 最小值 | P3: 平均值 | Q3: 公差平方
A4: 57 | B4: 0.15 | C4: -0.15 | D4: 24 | E4: 0 | F4: -0.3 | K4: =(I4+J4)/2 -> 0 | L4: =(I4-J4)^2 -> 0 | P4: =(N4+O4)/2 -> 0 | Q4: =(N4-O4)^2 -> 0
A5: 36 | B5: 0.1 | C5: 0 | D5: 47.5 | E5: 0.1 | F5: -0.1 | K5: =(I5+J5)/2 -> 0 | L5: =(I5-J5)^2 -> 0 | P5: =(N5+O5)/2 -> 0 | Q5: =(N5-O5)^2 -> 0
A6: 0 | B6: 0 | C6: 0 | D6: 21.5 | E6: 0.3 | F6: 0 | K6: =(I6+J6)/2 -> 0 | L6: =(I6-J6)^2 -> 0 | P6: =(N6+O6)/2 -> 0 | Q6: =(N6-O6)^2 -> 0
K7: =(I7+J7)/2 -> 0 | L7: =(I7-J7)^2 -> 0 | P7: =(N7+O7)/2 -> 0 | Q7: =(N7-O7)^2 -> 0
K8: =(I8+J8)/2 -> 0 | L8: =(I8-J8)^2 -> 0 | P8: =(N8+O8)/2 -> 0 | Q8: =(N8-O8)^2 -> 0
K9: =(I9+J9)/2 -> 0 | L9: =(I9-J9)^2 -> 0 | P9: =(N9+O9)/2 -> 0 | Q9: =(N9-O9)^2 -> 0
K10: =(I10+J10)/2 -> 0 | L10: =(I10-J10)^2 -> 0 | P10: =(N10+O10)/2 -> 0 | Q10: =(N10-O10)^2 -> 0
K11: =(I11+J11)/2 -> 0 | L11: =(I11-J11)^2 -> 0 | P11: =(N11+O11)/2 -> 0 | Q11: =(N11-O11)^2 -> 0
K12: =(I12+J12)/2 -> 0 | L12: =(I12-J12)^2 -> 0 | P12: =(N12+O12)/2 -> 0 | Q12: =(N12-O12)^2 -> 0
K13: =(I13+J13)/2 -> 0 | L13: =(I13-J13)^2 -> 0 | P13: =(N13+O13)/2 -> 0 | Q13: =(N13-O13)^2 -> 0
K14: =(I14+J14)/2 -> 0 | L14: =(I14-J14)^2 -> 0 | P14: =(N14+O14)/2 -> 0 | Q14: =(N14-O14)^2 -> 0
K15: =(I15+J15)/2 -> 0 | L15: =(I15-J15)^2 -> 0 | P15: =(N15+O15)/2 -> 0 | Q15: =(N15-O15)^2 -> 0
A16: 封闭环 | H16: 封闭环
A17: 基本尺寸 | B17: 上偏差 | C17: 下偏差 | D17: 最大值 | E17: 最小值 | F17: 平均值 | H17: 基本尺寸 | I17: 最大值 | J17: 最小值 | K17: 平均值 | L17: 公差平方
A18: =SUM(A4:A15)-SUM(D4:D15) -> 0 | B18: =SUM(B4:B15)-SUM(F4:F15) -> 0.65 | C18: =SUM(C4:C15)-SUM(E4:E15) -> -0.55 | D18: =A18+B18 -> 0.65 | E18: =A18+C18 -> -0.55 | F18: =(D18+E18)/2 -> 0.05 | H18: =SUM(H4:H15)-SUM(M4:M15) -> 0 | I18: =K18+0.5*SQRT(L18) -> 0 | J18: =K18-0.5*SQRT(L18) -> 0 | K18: =SUM(K4:K15)-SUM(P4:P15) -> 0 | L18: =SUM(L4:L15)+SUM(Q4:Q15) -> 0

Sheet LED显示英寸计算长宽
A1: LED显示英寸计算长宽
C7: 板材16：9 | H7: 板材4：3
C8: 英寸 | D8: 长 | E8: 宽 | H8: 英寸 | I8: 长 | J8: 宽
C9: 12 | D9: =C9/18.357*16*25.4 -> 265.66432 | E9: =C9/18.357*9*25.4 -> 149.43618 | H9: 20 | I9: =H9/5*4*25.4 -> 406.4 | J9: =H9/5*3*25.4 -> 304.8

Sheet 几何体计算表
A1: 平截正圆锥体几何计算表
A2: 公式一
A3: 大圆半径R | B3: 小圆半径r | C3: 高度H | D3: 斜边长L | E3: 重心高ZS | F3: 侧面积A | G3: 全面积AN | H3: 体积V | I3: A | J3: B | K3: e | L3: α
A4: M | B4: M | C4: M | D4: M | E4: M | F4: M2 | G4: M2 | H4: M3 | I4: M | J4: M | K4: M | L4: 度
A5: 0.5 | B5: 0.3 | C5: 0.3464 | D5: =((A5-B5)^2+C5^2)^(1/2) -> 0.3999912 | E5: =(C5*(A5^2+2*A5*B5+3*B5^2))/(4*(A5^2+A5*B5+B5^2)) -> 0.14492245 | F5: =3.14*D5*(A5+B5) -> 1.0047779 | G5: =F5+3.14*(A5^2+B5^2) -> 2.0723779 | H5: =3.14*C5*(A5^2+A5*B5+B5^2)/3 -> 0.17765701 | I5: =J5-2*D5 -> 1.1999736 | J5: =2*A5*D5/(A5-B5) -> 1.999956 | K5: =I5*SIN((3.1415/180)*L5)/(2*SIN((3.1415/180)*((180-L5)/2))) -> -0.40867011 | L5: =720*A5/J5 -> 180.00396
A8: 公式二
A9: 大圆半径R | B9: 小圆半径r | C9: 高度H | D9: 斜边长L | E9: 重心高ZS | F9: 侧面积A | G9: 全面积AN | H9: 体积V | I9: A | J9: B | K9: e | L9: α
A10: M | B10: M | C10: M | D10: M | E10: M | F10: M2 | G10: M2 | H10: M3 | I10: M | J10: M | K10: M | L10: 度
A11: 0.5 | B11: 0.3 | C11: 0.3 | D11: =((A11-B11)^2+C11^2)^(1/2) -> 0.36055513 | E11: =(C11*(A11^2+2*A11*B11+3*B11^2))/(4*(A11^2+A11*B11+B11^2)) -> 0.1255102 | F11: =3.14*D11*(A11+B11) -> 0.90571448 | G11: =F11+3.14*(A11^2+B11^2) -> 1.9733145 | H11: =3.14*C11*(A11^2+A11*B11+B11^2)/3 -> 0.15386 | I11: =J11-2*D11 -> 1.0816654 | J11: =2*A11*D11/(A11-B11) -> 1.8027756 | K11: =I11*SIN((3.1415/180)*(360-L11))/(2*SIN((3.1415/180)*((L11-180)/2))) -> 1.0660102 | L11: =720*A11/J11 -> 199.69207
G14: 使用条件:若α≤180,则使用公式一
G15: 使用条件:若α>180,则使用公式二
A27: 正圆锥体几何计算表
A28: 公式一
A29: 圆半径R | B29: 高度H | C29: 斜边长L | D29: 重心高ZS | E29: 侧面积A | F29: 全面积AN | G29: 体积V | H29: e | I29: α
A30: M | B30: M | C30: M | D30: M | E30: M2 | F30: M2 | G30: M3 | H30: M | I30: 度
A31: 0.5 | B31: 0.8 | C31: =(A31^2+B31^2)^(1/2) -> 0.94339811 | D31: =B31/4 -> 0.2 | E31: =3.1415926*A31*(A31^2+B31^2)^(1/2) -> 1.4818863 | F31: =3.1415926*A31^2+E31 -> 2.2672844 | G31: =(3.1415926*A31^2*B31)/3 -> 0.20943951 | H31: =2*C31*SIN((I31/2)*(3.1415926/180)) -> 1.8784231 | I31: =360-(360*A31)/C31 -> 169.20038
A34: 公式二
A35: 圆半径R | B35: 高度H | C35: 斜边长L | D35: 重心高ZS | E35: 侧面积A | F35: 全面积AN | G35: 体积V | H35: e | I35: α
A36: M | B36: M | C36: M | D36: M | E36: M2 | F36: M2 | G36: M3 | H36: M | I36: 度
A37: 0.5 | B37: 1 | C37: =(A37^2+B37^2)^(1/2) -> 1.118034 | D37: =B37/4 -> 0.25 | E37: =3.1415926*A37*(A37^2+B37^2)^(1/2) -> 1.7562037 | F37: =3.1415926*A37^2+E37 -> 2.5416018 | G37: =(3.1415926*A37^2*B37)/3 -> 0.26179938 | H37: =C37*SIN((360-I37)*(3.1415926/180))/SIN(((I37-180)/2)*(3.1415926/180)) -> 2.205392 | I37: =360-(360*A37)/C37 -> 199.00311
F40: 使用条件:若α≤180,则使用公式一
F41: 使用条件:若α>180,则使用公式二

Sheet 伺服电机选型
A2: 伺服电机选型需要的条件
A3: 交流伺服电机选型条件计算方法
A4: 一、转速和编码器分辨率的确认。转速高运动速度快, 编码器分辨率越高精度越高.
A5: 二、电机轴上负载力矩的折算和加减速力矩的计算。
A6: 三、计算负载惯量，要和负载惯量的匹配，如日本安川伺服电机，部分产品惯量匹配可达50倍，但实际越小越好，这样对精度和响应速度好。
A7: 四、再生电阻的计算和选择，对于伺服，一般2kw以上，要外配置。
A8: 五、机芯架电缆选择，编码器电缆双绞屏蔽的，对于安川伺服等日系产品绝对值编码器是6芯，增量式是4芯
A10: 平衡方程式中：功率的单位（kW）；转速的单位（r/min)；转矩的单位（N.m）；9550是计算系数。
A12: 功率=转速*转矩/9550 | B12: 转速/min | C12: 转矩N.m | D12: 9550 | E12: 功率KW
A13: 计算公式 | B13: 3000 | C13: 1.91 | D13: 9550 | E13: =B13*C13/D13 -> 0.6
A16: 转矩=9550*功率/转速 | B16: 9550 | C16: 功率KW | D16: 转速/min | E16: 转矩N.m
A17: 计算公式 | B17: 9550 | C17: 0.2 | D17: 3000 | E17: =B17*C17/D17 -> 0.63666667
A20: 什么是转矩 | B20: 使机械元件转动的力矩称为转动力矩，简称转矩
A21: 什么是扭矩 | B21: 扭矩是使物体发生转动的力。发动机的扭矩就是指发动机从曲轴端输出的力,矩扭矩在物理学中就是力矩的大小，等于力和力臂的乘积，国际单位是牛米Nm，
A23: kgf是力的单位，可以叫做“公斤力”或“千克力

Sheet 气动元件的选型计算
A2: 气动元件的选型计算
A4: （1）气缸缸径。根据气缸负载力的大小来确定气缸的输出力，由此计算出气缸的缸径。
A5: （2）气缸的行程。气缸的行程与使用的场合和机构的行程有关，但一般不选用满行程。
A6: （3）气缸的强度和稳定性计算
A7: （4）气缸的安装形式。气缸的安装形式根据安装位置和使用目的等因素决定。一般情况下，采用固定式气缸。
A8: 在需要随工作机构连续回转时（如车床、磨床等），应选用回转气缸。在活塞杆除直线运动外，还需作圆弧摆动时，则选用轴销式气缸。有特殊要求时，应选用相应的特种气缸。
A9: （5）气缸的缓冲装置。根据活塞的速度决定是否应采用缓冲装置。
A10: （6）磁性开关。当气动系统采用电气控制方式时，可选用带磁性开关的气缸。
A11: （7）其它要求。如气缸工作在有灰尘等恶劣环境下，需在活塞杆伸出端安装防尘罩。要求无污染时需选用无给油或无油润滑气缸。
A13: 气缸力的计算
A15: F=P(气压)*S(面积) KG/cm2
A16: 以普通治具缸推出力计算为例:
... A19: 气缸力=气压*面积()
A20: 缸径mm | B20: 缸径cm | D20: 面积计算Kgf/c㎡ | H20: 气缸力kgf
A21: 30 | B21: =A21/10 -> 3 | D21: 4 | F21: =B21/2*(B21/2) -> 2.25 | H21: =3.1415926*F21*D21 -> 28.274333
A23: 气缸工作压力（一般为0.4 MPa～0.6 MPa）
A25: 工件重量KG | C25: 工件与导轨间的摩擦系数m | F25: 气缸行程每S走MM | H25: 经S时间工件运动到位 | K25: 系统工作压力Mpa | N25: 选定气缸直径 | P25: 气缸实际轴向负载N
A26: 250 | C26: 0.25 | F26: 400 | H26: 1.5 | K26: 0.4 | N26: =P26/10 -> 61.3125 | P26: =C26*A26*9.81 -> 613.125

Sheet 伺服电机和步进电机的区别
A1: 伺服电机和步进电机的区别
A2: 一、控制精度不同
A3: 两相混合式步进电机步距角一般为3.6°、 1.8°，五相混合式步进电机步距角一般为0.72 °
A4: 三相混合式步进电机其步距角可通过拨码开关设置为1.8°、0.9°、0.72°、0.36°、0.18°、0.09°、0.072°
A6: 交流伺服电机的控制精度由电机轴后端的旋转编码器保证。
A7: 脉冲电机转一圈，即其脉冲当量为360°/131072=9.89秒。是步距角为1.8°的步进电机的脉冲当量的1/655。
A9: 二、低频特性不同
A10: 步进电机在低速时易出现低频振动现象。振动频率与负载情况和驱动器性能有关，一般认为振动频率为电机空载起跳频率的一半
A11: 这种由步进电机的工作原理所决定的低频振动现象对于机器的正常运转非常不利。当步进电机工作在低速时
A12: 一般应采用阻尼技术来克服低频振动现象，比如在电机上加阻尼器，或驱动器上采用细分技术等。
A14: 交流伺服电机运转非常平稳，即使在低速时也不会出现振动现象。交流伺服系统具有共振抑制功能，可涵盖机械的刚性不足，
A15: 并且系统内部具有频率解析机能（FFT），可检测出机械的共振点，便于系统调整。
... A35: 伺服电机一般是功率小,运行精确,能高速制动,惯量小,适合闭环控制,也就是能检测到实际位置和理论位置的误差,并消除.

Sheet 超越离合器设计
A1: 超越离合器设计计算表
A3: 外毂接触内表面直径 | B3: 滚柱数目 | C3: 滚柱直径 | D3: 滚柱楔入角 | E3: 楔紧平面至轴心线的距离 | F3: 滚柱长度
A4: D(MM) | B4: Z(个) | C4: d1(MM) | D4: α(度) | E4: h(MM) | F4: L(MM)
A5: =C5*8 -> 40 | B5: 3 | C5: 5 | D5: 7 | E5: =((A5-C5)*COS((3.1415926/180)*D5)-C5)/2 -> 14.869558 | F5: =1.5*C5 -> 7.5
A19: 注:1.滚柱数目:D≤80时取3; D＞80时,可取3或5
A20: 2.滚柱楔入角:2.5～8.5,钢与钢摩擦一般取7度

Sheet 减速器
A1: 减速器选用方法
A2: 选择减速头:主要看的就是 输出扭矩 扭转刚性 精度 轴向力 径向力
A3: GM-GR型 选型参数表(恒功率)
A4: 电机功率 | B4: 传动比 | C4: 输出转速 | D4: 输出转矩 | E4: 减速功率 | F4: 使用系数 | G4: 许用径向 | H4: 机型号 | I4: 电机级数 | J4: 质量
A5: KW | B5: i | C5: r/m | D5: N.m | E5: KW | F5: fa | G5: 载荷 N | H5: (mode) | I5: P | J5: kg
A6: 30 | B6: 104.87 | C6: 14 | D6: 19286 | E6: 28.273 | F6: 0.85 | G6: 114000
B7: 93.17 | C7: 16 | D7: 17134 | E7: 28.706 | F7: 1 | G7: 114000
B8: 83.28 | C8: 18 | D8: 15315 | E8: 28.866 | F8: 1.1 | G8: 114000
B9: 73.31 | C9: 20 | D9: 13482 | E9: 28.235 | F9: 1.25 | G9: 114000
B10: 67.78 | C10: 22 | D10: 12465 | E10: 28.715 | F10: 1.35 | G10: 114000 | H10: GR167 | I10: 4P | J10: 862
B11: 59.27 | C11: 25 | D11: 10900 | E11: 28.534 | F11: 1.55 | G11: 114000 | H11: GRF167 | J11: 872
B12: 50.69 | C12: 29 | D12: 9322 | E12: 28.308 | F12: 1.8 | G12: 114000
B13: 45.04 | C13: 33 | D13: 8283 | E13: 28.622 | F13: 2.1 | G13: 114000
B14: 40.26 | C14: 37 | D14: 7404 | E14: 28.686 | F14: 2.3 | G14: 114000
B15: 35 | C15: 42 | D15: 6437 | E15: 28.309 | F15: 2.7 | G15: 114000
B16: 28.4 | C16: 52 | D16: 5223 | E16: 28.439 | F16: 3.3 | G16: 114000
B17: 24.51 | C17: 60 | D17: 4507 | E17: 28.316 | F17: 3.9 | G17: 114000
A18: 说明:
A19: 1.在这里,数据表头上的[恒功率],并不是指电机工作的状态是恒功率还是恒扭矩,而是指减速器工作状态.通常,减速器也分恒功率和恒扭矩两种,选型是应特别注意!
A21: 2.数据表中的[使用系数 fa ],是指在相同工作状况下,减速器使用寿命长短而言的.
A22: 定义:减速器使用系数越大,减速器使用寿命越长.
A23: 从表中可以看到,使用系数增大的,减速器传动比,输出转矩反而减小.
A24: 对于同种电机而言,减速器输出转矩减小就意味着"大马拉小车",即电机并不是满功率运行,这对减速器来说,使用寿命将更长!
A26: 通常,减速器选择时,应使[使用系数 fa ]控制在 1.2-1.3 之间最合理,电机和减速器使用效率最佳,寿命更长!
A28: 3.传动比i=四级电机转速/减速器输出转速
A29: 4.输出转矩=9550*电机功率*减速器传递效率/减速器输出转速 (能量传递守恒原则)
A31: 由计算可知,表中输出转矩额定或最大值!
A32: 5.对于[恒功率]减速器而言,由上面计算可知:
A33: 减速器输出功率=[输出转矩*减速器输出转速]/9551==28.501 Kw (恒定值)
... A71: 力矩:使物体转动的力乘以到转轴的距离

Sheet 链轮参数计算
A1: 传动用短节距精密滚子链轮参数计算表
A3: 制表日期:2002年8月30日
A4: 俗称 | B4: 节距 | C4: 滚子直径 | D4: 齿数 | E4: 分度圆直径 | F4: 齿根圆直径 | G4: 齿顶圆直径 | H4: 最大轮毂直径 | I4: 齿宽b | L4: 排距Pt
B5: P | C5: dr | D5: Z | E5: Df | F5: Di | G5: De | H5: DH | I5: 单排 | J5: 2、3排 | K5: 4排以上
A6: 3/8" | B6: 9.525 | C6: 6.35 | D6: 31 | E6: =B6/SIN((180/D6)*(3.1415/180)) -> 94.152792 | F6: =E6-C6 -> 87.802792 | G6: =B6*(0.54+(1/TAN((180/D6)*(3.1415/180)))) -> 98.813253 | H6: =F6-8 -> 79.802792 | I6: 5.2 | J6: 5 | K6: 4.6 | L6: 10.24
B7: 9.525 | C7: 6.35 | D7: 18 | E7: =B7/SIN((180/D7)*(3.1415/180)) -> 54.85389 | F7: =E7-C7 -> 48.50389 | G7: =B7*(0.54+(1/TAN((180/D7)*(3.1415/180)))) -> 59.164085 | H7: =F7-8 -> 40.50389
A8: 1/2"(A 型） | B8: 12.7 | C8: 8.51 | D8: 38 | E8: =B8/SIN((180/D8)*(3.1415/180)) -> 153.79601 | F8: =E8-C8 -> 145.28601 | G8: =B8*(0.54+(1/TAN((180/D8)*(3.1415/180)))) -> 160.12875 | H8: =F8-10 -> 135.28601 | I8: 7.1 | J8: 6.8 | K8: 6.4 | L8: 14.38
B9: 12.7 | C9: 8.51 | D9: 16 | E9: =B9/SIN((180/D9)*(3.1415/180)) -> 65.099948 | F9: =E9-C9 -> 56.589948 | G9: =B9*(0.54+(1/TAN((180/D9)*(3.1415/180)))) -> 70.707144 | H9: =F9-10 -> 46.589948
A10: 5/8" | B10: 15.875 | C10: 10.16 | D10: 25 | E10: =B10/SIN((180/D10)*(3.1415/180)) -> 126.66605 | F10: =E10-C10 -> 116.50605 | G10: =B10*(0.54+(1/TAN((180/D10)*(3.1415/180)))) -> 134.23981 | H10: =F10-12 -> 104.50605 | I10: 8.7 | J10: 8.4 | K10: 7.9 | L10: 18.11
B11: 15.875 | C11: 10.16 | D11: 20 | E11: =B11/SIN((180/D11)*(3.1415/180)) -> 101.48316 | F11: =E11-C11 -> 91.323163 | G11: =B11*(0.54+(1/TAN((180/D11)*(3.1415/180)))) -> 108.80631 | H11: =F11-12 -> 79.323163
A12: 3/4" | B12: 19.05 | C12: 11.91 | D12: 25 | E12: =B12/SIN((180/D12)*(3.1415/180)) -> 151.99926 | F12: =E12-C12 -> 140.08926 | G12: =B12*(0.54+(1/TAN((180/D12)*(3.1415/180)))) -> 161.08777 | H12: =F12-14 -> 126.08926 | I12: 11.7 | J12: 11.3 | K12: 10.6 | L12: 22.78
B13: 19.05 | C13: 11.91 | D13: 17 | E13: =B13/SIN((180/D13)*(3.1415/180)) -> 103.67676 | F13: =E13-C13 -> 91.766764 | G13: =B13*(0.54+(1/TAN((180/D13)*(3.1415/180)))) -> 112.19857 | H13: =F13-14 -> 77.766764
A15: ｛ 此 三 栏 固 定 ｝ | D15: ｛此栏必填｝ | E15: ｛ 这 四 栏 自 动 生 成 ｝ | I15: ｛ 此 四 栏 固 定 ｝
H30: q

Sheet 同步轮
A1: 型号 | B1: 节距pb | C1: bw | D1: hg | E1: Ψ+1.5° | F1: rb | G1: rt | H1: 2δ
A2: XH | B2: 22.225 | C2: 7.90±0.15 | D2: 7.14 | E2: 20 | F2: 1.98 | G2: 2.39 | H2: 2.794
A3: XXH | B3: 31.750 | C3: 12.17±0.18 | D3: 10.31 | E3: 20 | F3: 3.96 | G3: 3.18 | H3: 3.048
A5: 规格 | B5: 齿数 | C5: 节径 D | D5: 外径 Do | E5: 档边直径 Df | F5: 档边内径 db | G5: 档边厚度 h | I5: 规格 | J5: 齿数 | K5: 节径 D | L5: 外径 Do | M5: 档边直径 Df | N5: 档边内径 db | O5: 档边厚度 h | Q5: 规格 | R5: 齿数 | S5: 节径 d | T5: 外径 do | U5: 档边直径 df | V5: 档边内径 db | W5: 档边厚度 h | Y5: 规格 | Z5: 齿数 | AA5: 节径 D | AB5: 外径 Do | AC5: 档边直径 Df | AD5: 档边内径 db | AE5: 档边厚度 h | AG5: 规格 | AH5: 齿数 | AI5: 节径 | AJ5: 外径 Do | AK5: 档边直径Df | AL5: 档边内径 db | AM5: 档边厚度 h | AO5: 规格 | AP5: 齿数 | AQ5: 节径 | AR5: 外径 Do | AS5: 档边直径 Df | AT5: 档边内径 db | AU5: 档边厚度 h
A6: 22MXL | B6: 22 | C6: 14.23 | D6: 13.72 | E6: 18 | F6: 11 | G6: 1 | I6: 10XL | J6: 10 | K6: 16.17 | L6: 15.66 | M6: 22 | N6: 11 | O6: 1 | Q6: 12L | R6: 12 | S6: 36.38 | T6: 35.62 | U6: 40 | V6: 27 | W6: 1 | Y6: 14H | Z6: 14 | AA6: 56.6 | AB6: 55.22 | AC6: 64 | AD6: 48 | AE6: 1.2 | AG6: 18XH | AH6: 18 | AI6: 127.34 | AJ6: 124.55 | AK6: 139 | AL6: 110 | AM6: 1.5 | AO6: 18XXH | AP6: 18 | AQ6: 181.91 | AR6: 178.87 | AS6: 199 | AT6: 157 | AU6: 5.5
A7: 23MXL | B7: 23 | C7: 14.88 | D7: 14.37 | E7: 18 | F7: 12.5 | G7: 1 | I7: 11XL | J7: 11 | K7: 17.79 | L7: 17.28 | M7: 22 | N7: 11 | O7: 1 | Q7: 13L | R7: 13 | S7: 39.41 | T7: 38.65 | U7: 44 | V7: 32 | W7: 1 | Y7: 15H | Z7: 15 | AA7: 60.64 | AB7: 59.27 | AC7: 68 | AD7: 52 | AE7: 1.2 | AG7: 19XH | AH7: 19 | AI7: 134.41 | AJ7: 131.62 | AK7: 146 | AL7: 117 | AM7: 4.5 | AO7: 19XXH | AP7: 19 | AQ7: 192.02 | AR7: 188.97 | AS7: 209 | AT7: 167 | AU7: 5.5
A8: 24MXL | B8: 24 | C8: 15.52 | D8: 15.02 | E8: 18 | F8: 12.5 | G8: 1 | I8: 12XL | J8: 12 | K8: 19.4 | L8: 18.9 | M8: 25 | N8: 15 | O8: 1 | Q8: 14L | R8: 14 | S8: 42.45 | T8: 41.68 | U8: 49 | V8: 29 | W8: 1 | Y8: 16H | Z8: 16 | AA8: 64.68 | AB8: 63.31 | AC8: 73 | AD8: 55 | AE8: 1.2 | AG8: 20XH | AH8: 20 | AI8: 141.49 | AJ8: 138.69 | AK8: 153 | AL8: 124 | AM8: 4.5 | AO8: 20XXH | AP8: 20 | AQ8: 202.13 | AR8: 199.08 | AS8: 219 | AT8: 177 | AU8: 5.5
A9: 25MXL | B9: 25 | C9: 16.17 | D9: 15.66 | E9: 18 | F9: 12.5 | G9: 1 | I9: 13XL | J9: 13 | K9: 21.02 | L9: 20.51 | M9: 25 | N9: 15 | O9: 1 | Q9: 15L | R9: 15 | S9: 45.48 | T9: 44.72 | U9: 51 | V9: 36 | W9: 1.2 | Y9: 17H | Z9: 17 | AA9: 68.72 | AB9: 67.35 | AC9: 73 | AD9: 55 | AE9: 1.2 | AG9: 21XH | AH9: 21 | AI9: 148.56 | AJ9: 145.77 | AK9: 160 | AL9: 131 | AM9: 4.5 | AO9: 21XXH | AP9: 21 | AQ9: 212.23 | AR9: 209.19 | AS9: 229 | AT9: 187 | AU9: 5.5
A10: 26MXL | B10: 26 | C10: 16.82 | D10: 16.31 | E10: 22 | F10: 13 | G10: 1 | I10: 14XL | J10: 14 | K10: 22.64 | L10: 22.13 | M10: 26 | N10: 17 | O10: 1 | Q10: 16L | R10: 16 | S10: 48.51 | T10: 47.75 | U10: 54 | V10: 39 | W10: 1.2 | Y10: 18H | Z10: 18 | AA10: 72.77 | AB10: 71.39 | AC10: 80 | AD10: 60 | AE10: 1.2 | AG10: 22XH | AH10: 22 | AI10: 155.64 | AJ10: 152.84 | AK10: 164 | AL10: 134 | AM10: 1.5 | AO10: 22XXH | AP10: 22 | AQ10: 222.34 | AR10: 219.29 | AS10: 239 | AT10: 197 | AU10: 5.5
A11: 27MXL | B11: 27 | C11: 17.46 | D11: 16.96 | E11: 22 | F11: 13 | G11: 1 | I11: 15XL | J11: 15 | K11: 24.26 | L11: 23.75 | M11: 29 | N11: 19 | O11: 1 | Q11: 17L | R11: 17 | S11: 51.54 | T11: 50.78 | U11: 61 | V11: 45 | W11: 1.2 | Y11: 19H | Z11: 19 | AA11: 76.81 | AB11: 75.44 | AC11: 84 | AD11: 64 | AE11: 1.2 | AG11: 23XH | AH11: 23 | AI11: 162.71 | AJ11: 159.92 | AK11: 175 | AL11: 143 | AM11: 1.5 | AO11: 24XXH | AP11: 24 | AQ11: 242.55 | AR11: 239.5 | AS11: / | AT11: / | AU11: /
A12: 28MXL | B12: 28 | C12: 18.11 | D12: 17.6 | E12: 22 | F12: 13 | G12: 1 | I12: 16XL | J12: 16 | K12: 25.87 | L12: 25.36 | M12: 29 | N12: 21 | O12: 1 | Q12: 18L | R12: 18 | S12: 54.57 | T12: 53.81 | U12: 61 | V12: 45 | W12: 1.2 | Y12: 20H | Z12: 20 | AA12: 80.85 | AB12: 79.48 | AC12: 84 | AD12: 64 | AE12: 1.2 | AG12: 24XH | AH12: 24 | AI12: 169.79 | AJ12: 166.99 | AK12: 181 | AL12: 152 | AM12: 4.5 | AO12: 25XXH | AP12: 25 | AQ12: 252.66 | AR12: 249.61 | AS12: / | AT12: / | AU12: /
A13: 29MXL | B13: 29 | C13: 18.76 | D13: 18.25 | E13: 22 | F13: 13 | G13: 1 | I13: 17XL | J13: 17 | K13: 27.49 | L13: 26.98 | M13: 32 | N13: 21 | O13: 1 | Q13: 19L | R13: 19 | S13: 57.61 | T13: 56.84 | U13: 61 | V13: 45 | W13: 1.2 | Y13: 21H | Z13: 21 | AA13: 84.89 | AB13: 83.52 | AC13: 90 | AD13: 70 | AE13: 1.2 | AG13: 25XH | AH13: 25 | AI13: 176.86 | AJ13: 174.07 | AK13: 188 | AL13: 159 | AM13: 4.5 | AO13: 26XXH | AP13: 26 | AQ13: 262.76 | AR13: 259.72 | AS13: / | AT13: / | AU13: /
A14: 30MXL | B14: 30 | C14: 19.4 | D14: 18.9 | E14: 22 | F14: 13 | G14: 1 | I14: 18XL | J14: 18 | K14: 29.11 | L14: 28.6 | M14: 32 | N14: 21 | O14: 1 | Q14: 20L | R14: 20 | S14: 60.64 | T14: 59.88 | U14: 64 | V14: 48 | W14: 1.2 | Y14: 22H | Z14: 22 | AA14: 88.94 | AB14: 87.56 | AC14: 98 | AD14: 78 | AE14: 1.2 | AG14: 26XH | AH14: 26 | AI14: 183.94 | AJ14: 181.14 | AK14: 195 | AL14: 166 | AM14: 4.5 | AO14: 27XXH | AP14: 27 | AQ14: 272.87 | AR14: 269.82 | AS14: / | AT14: / | AU14: /
A15: 32MXL | B15: 32 | C15: 20.7 | D15: 20.19 | E15: 25 | F15: 15 | G15: 1 | I15: 19XL | J15: 19 | K15: 30.72 | L15: 30.22 | M15: 34.5 | N15: 24.5 | O15: 1 | Q15: 21L | R15: 21 | S15: 63.67 | T15: 62.91 | U15: 69 | V15: 54 | W15: 1.2 | Y15: 23H | Z15: 23 | AA15: 92.98 | AB15: 91.61 | AC15: 98 | AD15: 78 | AE15: 1.2 | AG15: 27XH | AH15: 27 | AI15: 191.01 | AJ15: 188.22 | AK15: 202 | AL15: 173 | AM15: 4.5 | AO15: 30XXH | AP15: 30 | AQ15: 303.19 | AR15: 300.14 | AS15: / | AT15: / | AU15: /
A16: 34MXL | B16: 34 | C16: 21.99 | D16: 21.48 | E16: 25 | F16: 15 | G16: 1 | I16: 20XL | J16: 20 | K16: 32.34 | L16: 31.83 | M16: 37.8 | N16: 28 | O16: 1 | Q16: 22L | R16: 22 | S16: 66.7 | T16: 65.94 | U16: 73 | V16: 55 | W16: 1.2 | Y16: 24H | Z16: 24 | AA16: 97.02 | AB16: 95.65 | AC16: 102 | AD16: 83 | AE16: 1.2 | AG16: 28XH | AH16: 28 | AI16: 198.08 | AJ16: 195.29 | AK16: 209 | AL16: 180 | AM16: 4.5 | AO16: 40XXH | AP16: 40 | AQ16: 404.25 | AR16: 401.21 | AS16: / | AT16: / | AU16: /
A17: 36MXL | B17: 36 | C17: 23.29 | D17: 22.78 | E17: 26 | F17: 17 | G17: 1 | I17: 21XL | J17: 21 | K17: 33.96 | L17: 33.45 | M17: 37.8 | N17: 28 | O17: 1 | Q17: 23L | R17: 23 | S17: 69.73 | T17: 68.97 | U17: 73 | V17: 55 | W17: 1.2 | Y17: 25H | Z17: 25 | AA17: 101.06 | AB17: 99.69 | AC17: 109 | AD17: 90 | AE17: 1.2 | AG17: 30XH | AH17: 30 | AI17: 212.23 | AJ17: 209.44 | AK17: / | AL17: / | AM17: / | AO17: 48XXH | AP17: 48 | AQ17: 485.1 | AR17: 482.06 | AS17: / | AT17: / | AU17: /
A18: 38MXL | B18: 38 | C18: 24.58 | D18: 24.07 | E18: 29 | F18: 21 | G18: 1 | I18: 22XL | J18: 22 | K18: 35.57 | L18: 35.07 | M18: 40 | N18: 27 | O18: 1 | Q18: 24L | R18: 24 | S18: 72.77 | T18: 72 | U18: 80 | V18: 60 | W18: 1.2 | Y18: 26H | Z18: 26 | AA18: 105.11 | AB18: 103.73 | AC18: 109 | AD18: 90 | AE18: 1.2 | AG18: 32XH | AH18: 32 | AI18: 226.38 | AJ18: 223.59 | AK18: / | AL18: / | AM18: / | AO18: 60XXH | AP18: 60 | AQ18: 606.38 | AR18: 603.33 | AS18: / | AT18: / | AU18: /
A19: 40MXL | B19: 40 | C19: 25.87 | D19: 25.36 | E19: 29 | F19: 21 | G19: 1 | I19: 23XL | J19: 23 | K19: 37.19 | L19: 36.68 | M19: 40 | N19: 27 | O19: 1 | Q19: 25L | R19: 25 | S19: 75.8 | T19: 75.04 | U19: 84 | V19: 64 | W19: 1.2 | Y19: 27H | Z19: 27 | AA19: 109.15 | AB19: 107.78 | AC19: 115 | AD19: 95 | AE19: 1.2 | AG19: 40XH | AH19: 40 | AI19: 282.98 | AJ19: 280.18 | AK19: / | AL19: / | AM19: / | AO19: 72XXH | AP19: 72 | AQ19: 727.66 | AR19: 724.61 | AS19: /
A20: 42MXL | B20: 42 | C20: 27.17 | D20: 26.66 | E20: 29 | F20: 21 | G20: 1 | I20: 24XL | J20: 24 | K20: 38.81 | L20: 38.3 | M20: 44 | N20: 32 | O20: 1 | Q20: 26L | R20: 26 | S20: 78.83 | T20: 78.07 | U20: 86 | V20: 70 | W20: 1.2 | Y20: 28H | Z20: 28 | AA20: 113.19 | AB20: 111.82 | AC20: 123 | AD20: 103 | AE20: 1.2 | AG20: 48XH | AH20: 48 | AI20: 339.57 | AJ20: 336.78 | AK20: / | AL20: / | AM20: /
A21: 44MXL | B21: 44 | C21: 28.46 | D21: 27.95 | E21: 32 | F21: 21 | G21: 1 | I21: 25XL | J21: 25 | K21: 40.43 | L21: 39.92 | M21: 44 | N21: 32 | O21: 1 | Q21: 27L | R21: 27 | S21: 81.86 | T21: 81.1 | U21: 90 | V21: 70 | W21: 1.2 | Y21: 30H | Z21: 30 | AA21: 121.28 | AB21: 119.9 | AC21: 131 | AD21: 111 | AE21: 1.5 | AG21: 60XH | AH21: 60 | AI21: 424.47 | AJ21: 421.67 | AK21: / | AL21: / | AM21: /
A22: 46MXL | B22: 46 | C22: 29.75 | D22: 29.25 | E22: 32 | F22: 21 | G22: 1 | I22: 26XL | J22: 26 | K22: 42.04 | L22: 41.43 | M22: 49 | N22: 29 | O22: 1 | Q22: 28L | R22: 28 | S22: 84.89 | T22: 84.13 | U22: 90 | V22: 70 | W22: 1.2 | Y22: 32H | Z22: 32 | AA22: 129.36 | AB22: 127.99 | AC22: 139 | AD22: 110 | AE22: 1.5 | AG22: 72XH | AH22: 72 | AI22: 509.36 | AJ22: 506.57 | AK22: / | AL22: / | AM22: /
A23: 48MXL | B23: 48 | C23: 31.05 | D23: 30.54 | E23: 34.5 | F23: 24.5 | G23: 1 | I23: 27XL | J23: 27 | K23: 43.66 | L23: 43.15 | M23: 48 | N23: 38 | O23: 1 | Q23: 30L | R23: 30 | S23: 90.96 | T23: 90.2 | U23: 98 | V23: 78 | W23: 1.2 | Y23: 34H | Z23: 34 | AA23: 137.45 | AB23: 136.07 | AC23: 152 | AD23: 125 | AE23: 1.5 | AG23: 84XH | AH23: 84 | AI23: 594.25 | AJ23: 591.46 | AK23: / | AL23: / | AM23: /
A24: 50MXL | B24: 50 | C24: 32.34 | D24: 31.83 | E24: 34.5 | F24: 24.5 | G24: 1 | I24: 28XL | J24: 28 | K24: 45.28 | L24: 44.77 | M24: 48 | N24: 38 | O24: 1 | Q24: 32L | R24: 32 | S24: 97.02 | T24: 96.26 | U24: 102 | V24: 83 | W24: 1.2 | Y24: 36H | Z24: 36 | AA24: 145.53 | AB24: 144.16 | AC24: 153 | AD24: 133 | AE24: 1.5 | AG24: 96XH | AH24: 96 | AI24: 679.15 | AJ24: 676.35 | AK24: / | AL24: / | AM24: /
A25: 52MXL | B25: 52 | C25: 33.63 | D25: 33.13 | E25: 37.8 | F25: 28 | G25: 1 | I25: 30XL | J25: 30 | K25: 48.51 | L25: 48 | M25: 51 | N25: 36 | O25: 1.2 | Q25: 34L | R25: 34 | S25: 103.08 | T25: 102.32 | U25: 109 | V25: 90 | W25: 1.2 | Y25: 38H | Z25: 38 | AA25: 153.62 | AB25: 152.24 | AC25: 164 | AD25: 134 | AE25: 1.5 | AG25: 120XH | AH25: 120 | AI25: 848.93 | AJ25: 846.14 | AK25: / | AL25: / | AM25: /
A26: 60MXL | B26: 60 | C26: 38.81 | D26: 38.3 | E26: 44 | F26: 32 | G26: 1 | I26: 32XL | J26: 32 | K26: 51.74 | L26: 51.24 | M26: 61 | N26: 45 | O26: 1.2 | Q26: 36L | R26: 36 | S26: 109.15 | T26: 108.39 | U26: 115 | V26: 95 | W26: 1.2 | Y26: 40H | Z26: 40 | AA26: 161.7 | AB26: 160.33 | AC26: 169 | AD26: 135 | AE26: 1.5
A27: 72MXL | B27: 72 | C27: 46.57 | D27: 46.06 | E27: 51 | F27: 36 | G27: 1.2 | I27: 34XL | J27: 34 | K27: 54.97 | L27: 54.47 | M27: 61 | N27: 45 | O27: 1.2 | Q27: 38L | R27: 38 | S27: 115.21 | T27: 114.45 | U27: 123 | V27: 103 | W27: 1.2 | Y27: 42H | Z27: 42 | AA27: 169.79 | AB27: 168.41 | AC27: / | AD27: / | AE27: /
I28: 36XL | J28: 36 | K28: 58.21 | L28: 57.7 | M28: 61 | N28: 45 | O28: 1.2 | Q28: 40L | R28: 40 | S28: 121.28 | T28: 120.51 | U28: 131 | V28: 111 | W28: 1.5 | Y28: 44H | Z28: 44 | AA28: 177.87 | AB28: 176.5 | AC28: / | AD28: / | AE28: /
I29: 38XL | J29: 38 | K29: 61.45 | L29: 60.94 | M29: 64 | N29: 48 | O29: 1.2 | Q29: 42L | R29: 42 | S29: 127.34 | T29: 126.58 | U29: 138 | V29: 118 | W29: 1.5 | Y29: 46H | Z29: 46 | AA29: 185.96 | AB29: 184.58 | AC29: / | AD29: / | AE29: /
I30: 40XL | J30: 40 | K30: 64.68 | L30: 64.17 | M30: 69 | N30: 54 | O30: 1.2 | Q30: 44L | R30: 44 | S30: 133.4 | T30: 132.64 | U30: 139 | V30: 110 | W30: 1.5 | Y30: 48H | Z30: 48 | AA30: 194.04 | AB30: 192.67 | AC30: / | AD30: / | AE30: /
I31: 42XL | J31: 42 | K31: 67.91 | L31: 67.41 | M31: 73 | N31: 55 | O31: 1.2 | Q31: 46L | R31: 46 | S31: 139.47 | T31: 138.71 | U31: 153 | V31: 133 | W31: 1.5 | Y31: 50H | Z31: 50 | AA31: 202.13 | AB31: 200.75 | AC31: / | AD31: / | AE31: /
I32: 44XL | J32: 44 | K32: 71.15 | L32: 70.64 | M32: 78 | N32: 58 | O32: 1.2 | Q32: 48L | R32: 48 | S32: 145.53 | T32: 144.77 | U32: 153 | V32: 133 | W32: 1.5 | Y32: 60H | Z32: 60 | AA32: 242.55 | AB32: 241.18 | AC32: / | AD32: / | AE32: / | AG32: 欢迎给我们留言
I33: 46XL | J33: 46 | K33: 74.38 | L33: 73.87 | M33: 78 | N33: 58 | O33: 1.2 | Q33: 50L | R33: 50 | S33: 151.6 | T33: 150.83 | U33: / | V33: / | W33: / | Y33: 72H | Z33: 72 | AA33: 291.06 | AB33: 289.69 | AC33: / | AD33: / | AE33: /
I34: 48XL | J34: 48 | K34: 77.62 | L34: 77.11 | M34: 84 | N34: 64 | O34: 1.2 | Q34: 60L | R34: 60 | S34: 181.91 | T34: 181.15 | U34: / | V34: / | W34: / | Y34: 84H | Z34: 84 | AA34: 339.57 | AB34: 338.2 | AC34: / | AD34: / | AE34: / | AG34: 留言内容
I35: 50XL | J35: 50 | K35: 80.85 | L35: 80.34 | M35: 90 | N35: 70 | O35: 1.2 | Q35: 72L | R35: 72 | S35: 218.3 | T35: 217.53 | U35: / | V35: / | W35: / | Y35: 96H | Z35: 96 | AA35: 388.08 | AB35: 386.71 | AC35: / | AD35: / | AE35: /
I36: 60XL | J36: 60 | K36: 97.02 | L36: 96.51 | M36: 102 | N36: 83 | O36: 1.2 | Q36: 84L | R36: 84 | S36: 254.68 | T36: 253.92 | U36: / | V36: / | W36: / | AG36: *
I37: 72XL | J37: 72 | K37: 116.43 | L37: 115.92 | M37: 123 | N37: 103 | O37: 1.2 | Q37: 96L | R37: 96 | S37: 291.06 | T37: 290.3 | U37: / | V37: / | W37: / | AG37: 姓名
AG38: *
AG39: 电话
AG40: *
AG41: 地址
A42: 型号 | B42: 节距pb | C42: 齿高 | D42: 底圆半径 | E42: 齿槽宽 | F42: 齿顶圆半径 | G42: 齿形角 | AG42: *
A43: 3M | B43: 3 | C43: 1.28 | D43: 0.91 | E43: 1.9 | F43: 0.3 | G43: ≈14° | AG43: 邮箱
A44: 5M | B44: 5 | C44: 2.16 | D44: 0.56 | E44: 3.25 | F44: 0.48 | G44: ≈14° | AG44: *
A45: 8M | B45: 8 | C45: 3.54 | D45: 2.57 | E45: 5.35 | F45: 0.8 | G45: ≈14° | AG45: 百度提供技术支持
A46: 14M | B46: 14 | C46: 6.2 | D46: 4.65 | E46: 9.8 | F46: 1.4 | G46: ≈14° | AG46: 发送
A48: 规格 | B48: 齿数 | C48: 节径 D | D48: 外径 Do | E48: 档边直径 Df | F48: 档边内径 db | G48: 档边厚度 h | I48: 规格 | J48: 齿数 | K48: 节径 D | L48: 外径 Do | M48: 档边直径 Df | N48: 档边内径 db | O48: 档边厚度 h | Q48: 规格 | R48: 齿数 | S48: 节径 D | T48: 外径Do | U48: 档边直径 Df | V48: 档边内径 db | W48: 档边厚度 h | Y48: 规格 | Z48: 齿数 | AA48: 节径 D | AB48: 外径 Do | AC48: 档边直径Df | AD48: 档边内径 db | AE48: 档边厚度 h
A49: 15-3M | B49: 15 | C49: 14.32 | D49: 13.56 | E49: 18 | F49: 11 | G49: 1 | I49: 14-5M | J49: 14 | K49: 22.28 | L49: 21.14 | M49: 25 | N49: 15 | O49: 1 | Q49: 22-8M | R49: 22 | S49: 56.02 | T49: 54.65 | U49: 61 | V49: 45 | W49: 1.2 | Y49: 28-14M | Z49: 28 | AA49: 124.78 | AB49: 121.98 | AC49: 134 | AD49: 108 | AE49: 3.5
A50: 16-3M | B50: 16 | C50: 15.28 | D50: 14.52 | E50: 18 | F50: 11 | G50: 1 | I50: 15-5M | J50: 15 | K50: 23.87 | L50: 22.73 | M50: 29 | N50: 18 | O50: 1 | Q50: 23-8M | R50: 23 | S50: 58.57 | T50: 57.2 | U50: 64 | V50: 48 | W50: 1.2 | Y50: 29-14M | Z50: 29 | AA50: 129.23 | AB50: 126.43 | AC50: 139 | AD50: 110 | AE50: 1.5
A51: 17-3M | B51: 17 | C51: 16.23 | D51: 15.47 | E51: 18 | F51: 11 | G51: 1 | I51: 16-5M | J51: 16 | K51: 25.46 | L51: 24.32 | M51: 29 | N51: 18 | O51: 1 | Q51: 24-8M | R51: 24 | S51: 61.12 | T51: 59.75 | U51: 68 | V51: 52 | W51: 1.2 | Y51: 30-14M | Z51: 30 | AA51: 133.69 | AB51: 130.89 | AC51: 139 | AD51: 110 | AE51: 1.5
A52: 18-3M | B52: 18 | C52: 17.19 | D52: 16.43 | E52: 22 | F52: 13 | G52: 1 | I52: 17-5M | J52: 17 | K52: 27.06 | L52: 25.92 | M52: 32 | N52: 21 | O52: 1 | Q52: 25-8M | R52: 25 | S52: 63.66 | T52: 62.29 | U52: 73 | V52: 55 | W52: 1.2 | Y52: 32-14M | Z52: 32 | AA52: 142.6 | AB52: 139.8 | AC52: 152 | AD52: 125 | AE52: 1.5
A53: 19-3M | B53: 19 | C53: 18.14 | D53: 17.38 | E53: 22 | F53: 13 | G53: 1 | I53: 18-5M | J53: 18 | K53: 28.65 | L53: 27.51 | M53: 32 | N53: 21 | O53: 1 | Q53: 26-8M | R53: 26 | S53: 66.21 | T53: 64.84 | U53: 73 | V53: 55 | W53: 1.2 | Y53: 34-14M | Z53: 34 | AA53: 151.52 | AB53: 148.72 | AC53: 164 | AD53: 134 | AE53: 1.5
A54: 20-3M | B54: 20 | C54: 19.1 | D54: 18.34 | E54: 22 | F54: 13 | G54: 1 | I54: 19-5M | J54: 19 | K54: 30.24 | L54: 29.1 | M54: 34.5 | N54: 24.5 | O54: 1 | Q54: 27-8M | R54: 27 | S54: 68.75 | T54: 67.38 | U54: 73 | V54: 55 | W54: 1.2 | Y54: 36-14M | Z54: 36 | AA54: 160.43 | AB54: 157.63 | AC54: 169 | AD54: 135 | AE54: 1.5
A55: 21-3M | B55: 21 | C55: 20.05 | D55: 19.29 | E55: 22 | F55: 11 | G55: 1 | I55: 20-5M | J55: 20 | K55: 31.83 | L55: 30.69 | M55: 34.5 | N55: 24.5 | O55: 1 | Q55: 28-8M | R55: 28 | S55: 71.3 | T55: 69.93 | U55: 80 | V55: 60 | W55: 1.2 | Y55: 38-14M | Z55: 38 | AA55: 169.34 | AB55: 166.54 | AC55: 175 | AD55: 143 | AE55: 1.5
A56: 22-3M | B56: 22 | C56: 21.01 | D56: 20.25 | E56: 25 | F56: 15 | G56: 1 | I56: 21-5M | J56: 21 | K56: 33.42 | L56: 32.28 | M56: 40 | N56: 27 | O56: 1 | Q56: 30-8M | R56: 30 | S56: 76.39 | T56: 75.02 | U56: 82 | V56: 64 | W56: 1.2 | Y56: 40-14M | Z56: 40 | AA56: 178.25 | AB56: 175.45 | AC56: 187 | AD56: 161 | AE56: 3.5
A57: 23-3M | B57: 23 | C57: 21.96 | D57: 21.2 | E57: 25 | F57: 15 | G57: 1 | I57: 22-5M | J57: 22 | K57: 35.01 | L57: 33.87 | M57: 40 | N57: 27 | O57: 1 | Q57: 32-8M | R57: 32 | S57: 81.49 | T57: 80.12 | U57: 90 | V57: 70 | W57: 1.2 | Y57: 42-14M | Z57: 42 | AA57: 187.17 | AB57: 184.37 | AC57: 196 | AD57: 170 | AE57: 3.5
A58: 24-3M | B58: 24 | C58: 22.92 | D58: 22.16 | E58: 26 | F58: 17 | G58: 1 | I58: 23-5M | J58: 23 | K58: 36.61 | L58: 35.47 | M58: 40 | N58: 27 | O58: 1 | Q58: 34-8M | R58: 34 | S58: 86.58 | T58: 85.21 | U58: 98 | V58: 78 | W58: 1.2 | Y58: 44-14M | Z58: 44 | AA58: 196.08 | AB58: 193.28 | AC58: 205 | AD58: 179 | AE58: 3.5
A59: 25-3M | B59: 25 | C59: 23.87 | D59: 23.11 | E59: 26 | F59: 17 | G59: 1 | I59: 24-5M | J59: 24 | K59: 38.2 | L59: 37.06 | M59: 44 | N59: 32 | O59: 1 | Q59: 36-8M | R59: 36 | S59: 91.67 | T59: 90.3 | U59: 98 | V59: 78 | W59: 1.2 | Y59: 46-14M | Z59: 46 | AA59: 204.99 | AB59: 202.19 | AC59: / | AD59: / | AE59: /
A60: 26-3M | B60: 26 | C60: 24.83 | D60: 24.07 | E60: 29 | F60: 21 | G60: 1 | I60: 25-5M | J60: 25 | K60: 39.79 | L60: 38.65 | M60: 44 | N60: 32 | O60: 1 | Q60: 38-8M | R60: 38 | S60: 96.77 | T60: 95.4 | U60: 102 | V60: 83 | W60: 1.2 | Y60: 48-14M | Z60: 48 | AA60: 213.9 | AB60: 211.1 | AC60: / | AD60: / | AE60: /
A61: 27-3M | B61: 27 | C61: 25.78 | D61: 25.02 | E61: 29 | F61: 21 | G61: 1 | I61: 26-5M | J61: 26 | K61: 41.38 | L61: 40.24 | M61: 44 | N61: 32 | O61: 1 | Q61: 40-8M | R61: 40 | S61: 101.86 | T61: 100.49 | U61: 109 | V61: 90 | W61: 1.2 | Y61: 50-14M | Z61: 50 | AA61: 222.82 | AB61: 220.02 | AC61: / | AD61: / | AE61: /
A62: 28-3M | B62: 28 | C62: 26.74 | D62: 25.98 | E62: 129 | F62: 21 | G62: 1 | I62: 27-5M | J62: 27 | K62: 42.97 | L62: 41.83 | M62: 49 | N62: 29 | O62: 1 | Q62: 42-8M | R62: 42 | S62: 106.95 | T62: 105.58 | U62: 115 | V62: 95 | W62: 1.2 | Y62: 56-14M | Z62: 56 | AA62: 249.55 | AB62: 246.75 | AC62: / | AD62: / | AE62: /
A63: 30-3M | B63: 30 | C63: 28.65 | D63: 27.89 | E63: 32 | F63: 21 | G63: 1 | I63: 28-5M | J63: 28 | K63: 44.56 | L63: 43.42 | M63: 48 | N63: 38 | O63: 1 | Q63: 44-8M | R63: 44 | S63: 112.05 | T63: 110.68 | U63: 123 | V63: 103 | W63: 1.2 | Y63: 64-14M | Z63: 64 | AA63: 285.21 | AB63: 282.41 | AC63: / | AD63: / | AE63: /
A64: 32-3M | B64: 32 | C64: 30.56 | D64: 29.8 | E64: 34.5 | F64: 24.5 | G64: 1 | I64: 30-5M | J64: 30 | K64: 47.75 | L64: 46.61 | M64: 51 | N64: 36 | O64: 1.2 | Q64: 46-8M | R64: 46 | S64: 117.14 | T64: 115.77 | U64: 123 | V64: 103 | W64: 1.2 | Y64: 72-14M | Z64: 72 | AA64: 320.86 | AB64: 318.06 | AC64: / | AD64: / | AE64: /
A65: 34-3M | B65: 34 | C65: 32.47 | D65: 31.71 | E65: 37.8 | F65: 28 | G65: 1 | I65: 32-5M | J65: 32 | K65: 50.93 | L65: 49.79 | M65: 54 | N65: 39 | O65: 1.2 | Q65: 48-8M | R65: 48 | S65: 122.23 | T65: 120.86 | U65: 131 | V65: 111 | W65: 1.5 | Y65: 80-14M | Z65: 80 | AA65: 356.51 | AB65: 353.71 | AC65: / | AD65: / | AE65: /
A66: 36-3M | B66: 36 | C66: 34.38 | D66: 33.62 | E66: 40 | F66: 27 | G66: 1 | I66: 34-5M | J66: 34 | K66: 54.11 | L66: 52.97 | M66: 58 | N66: 47 | O66: 1.5 | Q66: 50-8M | R66: 50 | S66: 127.32 | T66: 125.95 | U66: 139 | V66: 110 | W66: 1.5 | Y66: 90-14M | Z66: 90 | AA66: 401.07 | AB66: 398.27 | AC66: / | AD66: / | AE66: /
A67: 38-3M | B67: 38 | C67: 36.29 | D67: 35.53 | E67: 40 | F67: 27 | G67: 1 | I67: 36-5M | J67: 36 | K67: 57.3 | L67: 56.16 | M67: 61 | N67: 45 | O67: 1.2 | Q67: 64-8M | R67: 64 | S67: 162.97 | T67: 161.6 | U67: / | V67: / | W67: /
A68: 40-3M | B68: 40 | C68: 38.2 | D68: 37.44 | E68: 44 | F68: 32 | G68: 1 | I68: 38-5M | J68: 38 | K68: 60.48 | L68: 59.34 | M68: 64 | N68: 48 | O68: 1.2 | Q68: 72-8M | R68: 72 | S68: 183.35 | T68: 181.98 | U68: / | V68: / | W68: /
A69: 42-3M | B69: 42 | C69: 40.11 | D69: 39.35 | E69: 44 | F69: 32 | G69: 1 | I69: 40-5M | J69: 40 | K69: 63.66 | L69: 62.52 | M69: 69 | N69: 54 | O69: 1.2 | Q69: 80-8M | R69: 80 | S69: 203.72 | T69: 202.35 | U69: / | V69: / | W69: /
A70: 44-3M | B70: 44 | C70: 42.02 | D70: 41.26 | E70: 48 | F70: 38 | G70: 1 | I70: 42-5M | J70: 42 | K70: 66.85 | L70: 65.71 | M70: 73 | N70: 55 | O70: 1.2 | Q70: 90-8M | R70: 90 | S70: 229.18 | T70: 227.81 | U70: / | V70: / | W70: /
A71: 46-3M | B71: 46 | C71: 43.93 | D71: 43.17 | E71: 48 | F71: 38 | G71: 1 | I71: 44-5M | J71: 44 | K71: 70.03 | L71: 68.89 | M71: 73 | N71: 55 | O71: 1.2 | Q71: 112-8M | R71: 112 | S71: 285.21 | T71: 283.84 | U71: / | V71: / | W71: /
A72: 48-3M | B72: 48 | C72: 45.84 | D72: 45.08 | E72: 48 | F72: 38 | G72: 1 | I72: 46-5M | J72: 46 | K72: 73.21 | L72: 72.07 | M72: 78 | N72: 66 | O72: 1.2
A73: 50-3M | B73: 50 | C73: 47.75 | D73: 46.99 | E73: 51 | F73: 36 | G73: 1.2 | I73: 48-5M | J73: 48 | K73: 76.39 | L73: 75.25 | M73: 84 | N73: 64 | O73: 1.2
A74: 60-3M | B74: 60 | C74: 57.3 | D74: 56.54 | E74: 61 | F74: 45 | G74: 1.2 | I74: 50-5M | J74: 50 | K74: 79.58 | L74: 78.44 | M74: 86 | N74: 70 | O74: 1.2
A75: 72-3M | B75: 72 | C75: 68.75 | D75: 67.99 | E75: 73 | F75: 55 | G75: 1.2 | I75: 60-5M | J75: 60 | K75: 95.49 | L75: 94.35 | M75: 102 | N75: 83 | O75: 1.2
I76: 72-5M | J76: 27 | K76: 114.59 | L76: 113.45 | M76: 123 | N76: 103 | O76: 1.2

Sheet 步进电机与驱动选型
A1: 步进电机选型表
A2: 相数 | B2: 外型 | C2: 型号 | D2: 静扭矩(NM) | E2: 步距角(º) | F2: 引线数 | G2: 相电流 | I2: 电阻(Ω) | J2: 电感(mH) | K2: 长度L(mm) | L2: 转子惯量(g.cm²) | M2: 重量(kg) | N2: 适配驱动器
G3: 串联 | H3: 并联
A4: 两 相 步 进 电 机 | B4: 39 | C4: 39HS01 | D4: 0.065 | E4: 1.8 | F4: 4 | G4: 0.4 | I4: 6.6 | J4: 7.5 | K4: 20 | L4: 11 | M4: 0.12 | N4: EZM322
C5: 39HS02 | D5: 0.12 | E5: 1.8 | F5: 4 | G5: 0.6 | I5: 7.5 | J5: 6 | K5: 34 | L5: 20 | M5: 0.2
B6: 42 | C6: 42HS02 | D6: 0.22 | E6: 1.8 | F6: 4 | G6: 0.8 | I6: 6.7 | J6: 7.5 | K6: 40 | L6: 54 | M6: 0.28
C7: 42HS03 | D7: 0.3 | E7: 1.8 | F7: 4 | G7: 0.7 | I7: 8.7 | J7: 20.8 | K7: 48 | L7: 77 | M7: 0.34
B8: 57 | C8: 57HS04 | D8: 0.4 | E8: 1.8 | F8: 6 | G8: 2 | H8: 4 | I8: 1.4 | J8: 1.4 | K8: 41 | L8: 120 | M8: 0.45 | N8: EZM542
C9: 57HS06 | D9: 0.6 | E9: 1.8 | F9: 8 | G9: 2 | H9: 4 | I9: 1.65 | J9: 2.2 | K9: 51 | L9: 275 | M9: 0.65
C10: 57HS09 | D10: 0.9 | E10: 1.8 | F10: 8 | G10: 2 | H10: 4 | I10: 1.8 | J10: 2.5 | K10: 56 | L10: 300 | M10: 0.7
C11: 57HS13 | D11: 1.3 | E11: 1.8 | F11: 8 | G11: 2.5 | H11: 5 | I11: 1 | J11: 2.4 | K11: 76 | L11: 480 | M11: 1
B12: 86 | C12: 86HS35 | D12: 3.5 | E12: 1.8 | F12: 8 | G12: 3.5 | H12: 6 | I12: 1.4 | J12: 3.9 | K12: 65 | L12: 1000 | M12: 1.7 | N12: EZM872
C13: 86HS45 | D13: 4.5 | E13: 1.8 | F13: 8 | G13: 4.2 | H13: 6 | I13: 0.75 | J13: 3.4 | K13: 80 | L13: 1400 | M13: 2.3
C14: 86HS85 | D14: 8.5 | E14: 1.8 | F14: 8 | G14: 4.2 | H14: 7 | I14: 0.9 | J14: 6 | K14: 118 | L14: 2700 | M14: 3.8
B15: 110 | C15: 110HS10 | D15: 11 | E15: 1.8 | F15: 4 | G15: 5.5 | I15: 0.9 | J15: 12 | K15: 99 | L15: 5500 | M15: 5 | N15: EZM1172/EZM2272
C16: 110HS20 | D16: 20 | E16: 1.8 | F16: 4 | G16: 6.5 | I16: 0.8 | J16: 15 | K16: 150 | L16: 11000 | M16: 8.4
A17: 相数 | B17: 外型 | C17: 型号 | D17: 静扭矩(NM) | E17: 步距角(º) | F17: 引线数 | G17: 相电流 | I17: 电阻(Ω) | J17: 电感(mH) | K17: 长度L(mm) | L17: 转子惯量(g.cm²) | M17: 重量(kg) | N17: 适配驱动器
A18: 三 相 步 进 电 机 | B18: 57 | C18: 573S05 | D18: 0.6 | E18: 1.2 | F18: 6 | G18: 5.2 | I18: 1.3 | J18: 1.4 | K18: 42 | L18: 110 | M18: 0.4 | N18: 3EZM580
C19: 573S09 | D19: 0.9 | E19: 1.2 | F19: 6 | G19: 5.6 | I19: 0.7 | J19: 1.7 | K19: 56 | L19: 300 | M19: 0.75
C20: 573S15 | D20: 1.5 | E20: 1.2 | F20: 6 | G20: 5.8 | I20: 1.05 | J20: 2.4 | K20: 76 | L20: 480 | M20: 1.1
B21: 86 | C21: 863S22 | D21: 2.26 | E21: 1.2 | F21: 6 | G21: 5 | I21: 0.96 | J21: 2.4 | K21: 57 | L21: 1100 | M21: 1.65 | N21: 3EZM880
C22: 863S42 | D22: 4.26 | E22: 1.2 | F22: 6 | G22: 5.2 | I22: 1.2 | J22: 4.2 | K22: 97 | L22: 2320 | M22: 2.7
C23: 863S68H | D23: 6.78 | E23: 1.2 | F23: 6 | G23: 5.8 | I23: 6 | J23: 25 | K23: 127 | L23: 3300 | M23: 3.8
A24: 控制事业部由资深控制和电机专家组成，公司设计开发了DSP控制技术，全数字步进驱动系列产品，产品包括标准型EZM系列、控制型EZD系列和简易网络型EZN系列。英纳仕电气设计开发的数字式步进驱动产品突出特点如下： 1、具有PLC接线接口，控制信号可以PLC直接连接； 2、具有低噪声、高平稳性、低振动和低发热等特点； 3、具有高加速和高起跳速度特点； 4、具有电机缺相、过压、过流和短路保护； 5、最高细分为512，最小细分单位为1； 6、具有交直流输入版本。
A25: 型号 | C25: 工作电压 | E25: 推荐工作电压 | G25: 工作电流（A） | I25: 使用电机 | K25: 备注
A26: EZM322 | C26: 12~30VDC | E26: 12~24VDC | G26: 0.5~2.2 | I26: 35 39 42 | K26: 标准型EZM系列数字步进驱动器主要特点： 1、在传统标准差分控制信号接口上，具有PLC接线接口，控制型号可以与PLC直接连接； 2、具有低噪声、高平稳性、低振动和低发热特点； 3、具有高加速和高起跳速度特点； 4、具有电机缺相、过压、过流和短路保护； 5、具有高细分，最高512，最细分单位为1； 6、具有交直流输入电源版本； EZM适用领域： 激光加工、医疗机械、生化仪器、小型数控系统、雕刻、包装等领域。
A27: EZM552 | C27: 20~50VDC | E27: 24~36VDC | G27: 0.5~5.2 | I27: 42 57
A28: EZM872 | C28: 30~80VDC | E28: 36~60VDC | G28: 2.0~7.2 | I28: 57 86
A29: EZM872A | C29: 20~60VAC | E29: 24~48VAC | G29: 2.0~7.2 | I29: 57 86
A30: EZM872H | C30: 30~80VAC | E30: 36~60VAC | G30: 2.0~7.2 | I30: 86 110
A31: EZM1172 | C31: 80~150VAC | E31: 110VAC | G31: 2.0~7.2 | I31: 110 130
A32: EZM1172 | C32: 150~230VAC | E32: 220VAC | G32: 2.0~7.2 | I32: 110 130
A33: 3EZM580 | C33: 20~50VDC | E33: 24~36VDC | G33: 2.0~8.0 | I33: 57 86
A34: 3EZM880 | C34: 30~80VDC | E34: 36~60VDC | G34: 2.0~8.0 | I34: 57 86
A35: 3EZM880A | C35: 20~60VAC | E35: 24~48VAC | G35: 2.0~8.0 | I35: 57 86
A36: 3EZM880H | C36: 30~80VAC | E36: 36~60VAC | G36: 2.0~8.0 | I36: 86 110
A37: 3EZM1180 | C37: 80~150VAC | E37: 110VAC | G37: 2.0~8.0 | I37: 110 130
A38: 3EZM2280 | C38: 150~230VAC | E38: 220VAC | G38: 2.0~8.0 | I38: 110 130
A39: EZD552 | C39: 20~50VDC | E39: 24~36VDC | G39: 2.0~5.2 | I39: 42 57 | K39: 控制型EZD系列数字步进驱动器主要特点： 1、具有速度控制指令模式，无需外部控制脉冲实现对电机精确控制； 2、具有低噪声、高平稳性、低振动和低发热特点； 3、具有电机缺相、过压、过流和短路保护； 4、具有限位保护功能
A40: EZD872 | C40: 30~80VDC | E40: 30~60VDC | G40: 2.0~7.2 | I40: 57 86
A41: EZD872A | C41: 20~60VAC | E41: 24~48VAC | G41: 2.0~7.2 | I41: 57 86
A42: EZD872H | C42: 30~80VAC | E42: 36~60VAC | G42: 2.0~7.2 | I42: 86 110
A43: EZN552 | C43: 20~50VDC | E43: 24~36VDC | G43: 2.0~5.2 | I43: 42 57 | K43: 简易网络型EZN系列数字步进驱动器主要特点： 1、具有RS485通讯接口和modebus通讯协议，可通过控制指令实现对电机精准控制； 2、具有低噪声、高平稳性、低振动和低发热特点； 3、具有电机缺相、过压、过流和短路保护； 4、具有回原点和限位保护功能；
A44: EZN872 | C44: 30~80VDC | E44: 30~60VDC | G44: 2.0~7.2 | I44: 57 86
A45: EZN872A | C45: 20~60VAC | E45: 24~48VAC | G45: 2.0~7.2 | I45: 57 86
A46: EZN872H | C46: 30~80VAC | E46: 36~60VAC | G46: 2.0~7.2 | I46: 86 110

Sheet 常用金属材料密度表
A1: 常用金属密度表
A2: 常用金属材料密度表，包括黑色、有色金属材料及其合金材料的密度。
A3: 材料名称 | C3: 密度 | D3: 材料名称 | F3: 密度
C4: 克/厘米3 | F4: 克/厘米3
A5: 灰口铸铁 | C5: 6.6~7.4 | D5: 不锈钢 | E5: 1Crl8NillNb、Cr23Ni18 | F5: 7.9
A6: 白口铸铁 | C6: 7.4~7.7 | E6: 2Cr13Ni4Mn9 | F6: 8.5
A7: 可锻铸铁 | C7: 7.2~7.4 | E7: 3Cr13Ni7Si2 | F7: 8
A8: 铸钢 | C8: 7.8 | D8: 纯铜材 | F8: 8.9
A9: 工业纯铁 | C9: 7.87 | D9: 59、62、65、68黄铜 | F9: 8.5
A10: 普通碳素钢 | C10: 7.85 | D10: 80、85、90黄铜 | F10: 8.7
A11: 优质碳素钢 | C11: 7.85 | D11: 96黄铜 | F11: 8.8
A12: 碳素工具钢 | C12: 7.85 | D12: 59-1、63-3铅黄铜 | F12: 8.5
A13: 易切钢 | C13: 7.85 | D13: 74-3铅黄铜 | F13: 8.7
A14: 锰钢 | C14: 7.81 | D14: 90-1锡黄铜 | F14: 8.8
A15: 15CrA铬钢 | C15: 7.74 | D15: 70-1锡黄铜 | F15: 8.54
A16: 20Cr、30Cr、40Cr铬钢 | C16: 7.82 | D16: 60-1和62-1锡黄铜 | F16: 8.5
A17: 38CrA铬钢 | C17: 7.8 | D17: 77-2铝黄铜 | F17: 8.6
A18: 铬钒、铬镍、铬镍钼、铬锰、硅、铬锰硅镍、硅锰、硅铬钢 | C18: 7.85 | D18: 67-2.5、66-6-3-2、60-1-1铝黄铜 | F18: 8.5
D19: 镍黄铜 | F19: 8.5
A20: 铬镍钨钢 | C20: 7.8 | D20: 锰黄铜 | F20: 8.5
A21: 铬钼铝钢 | C21: 7.65 | D21: 硅黄铜、镍黄铜、铁黄铜 | F21: 8.5
A22: 含钨9高速工具钢 | C22: 8.3 | D22: 5-5-5铸锡青铜 | F22: 8.8
A23: 含钨18高速工具钢 | C23: 8.7 | D23: 3-12-5铸锡青铜 | F23: 8.69
A24: 高强度合金钢 | C24: 7.82 | D24: 6-6-3铸锡青铜 | F24: 8.82
A25: 轴承钢 | C25: 7.81 | D25: 7-0.2、6.5-0.4、6.5-0.1、4-3锡青铜 | F25: 8.8
A26: 不锈钢 | B26: 0Cr13、1Cr13、2Cr13、3Cr13、4Cr13、Cr17Ni2、Cr18、9Cr18、Cr25、Cr28 | C26: 7.75 | D26: 4-0.3、4-4-4锡青铜 | F26: 8.9
B27: Cr14、Cr17 | C27: 7.7 | D27: 4-4-2.5锡青铜 | F27: 8.75
B28: 0Cr18Ni9、1Cr18Ni9、Cr18Ni9Ti、2Cr18Ni9 | C28: 7.85 | D28: 5铝青铜 | F28: 8.2
B29: 1Cr18Ni11Si4A1Ti | C29: 7.52 | D29: 锻铝 | E29: LD8 | F29: 2.77
A30: 7铝青铜 | C30: 7.8 | E30: LD7、LD9、LD10 | F30: 2.8
A31: 19-2铝青铜 | C31: 7.6 | D31: 超硬铝 | F31: 2.85
A32: 9-4、10-3-1.5铝青铜 | C32: 7.5 | D32: LT1特殊铝 | F32: 2.75
A33: 10-4-4铝青铜 | C33: 7.46 | D33: 工业纯镁 | F33: 1.74
A34: 铍青铜 | C34: 8.3 | D34: 变形镁 | E34: MB1 | F34: 1.76
A35: 3-1硅青铜 | C35: 8.47 | E35: MB2、MB8 | F35: 1.78
A36: 1-3硅青铜 | C36: 8.6 | E36: MB3 | F36: 1.79
A37: 1铍青铜 | C37: 8.8 | E37: MB5、MB6、MB7、MB15 | F37: 1.8
A38: 0.5镉青铜 | C38: 8.9 | D38: 铸镁 | F38: 1.8
A39: 0.5铬青铜 | C39: 8.9 | D39: 工业纯钛（TA1、TA2、TA3） | F39: 4.5
A40: 1.5锰青铜 | C40: 8.8 | D40: 钛合金 | E40: TA4、TA5、TC6 | F40: 4.45
A41: 5锰青铜 | C41: 8.6 | E41: TA6 | F41: 4.4
A42: 白铜 | B42: B5、B19、B30、BMn40-1.5 | C42: 8.9 | E42: TA7、TC5 | F42: 4.46
B43: BMn3-12 | C43: 8.4 | E43: TA8 | F43: 4.56
B44: BZN15-20 | C44: 8.6 | E44: TB1、TB2 | F44: 4.89
B45: BA16-1.5 | C45: 8.7 | E45: TC1、TC2 | F45: 4.55
B46: BA113-3 | C46: 8.5 | E46: TC3、TC4 | F46: 4.43
A47: 纯铝 | C47: 2.7 | D47: 钛合金 | E47: TC7 | F47: 4.4
A48: 防锈铝 | B48: LF2、LF43 | C48: 2.68 | E48: TC8 | F48: 4.48
B49: LF3 | C49: 2.67 | E49: TC9 | F49: 4.52
B50: LF5、LF10、LF11 | C50: 2.65 | E50: TC10 | F50: 4.53
B51: LF6 | C51: 2.64 | D51: 纯镍、阳极镍、电真空镍 | F51: 8.85
B52: LF21 | C52: 2.73 | D52: 镍铜、镍镁、镍硅合金 | F52: 8.85
A53: 硬铝 | B53: LY1、LY2、LY4、LY6 | C53: 2.76 | D53: 镍铬合金 | F53: 8.72
B54: LY3 | C54: 2.73 | D54: 锌锭（Zn0.1、Zn1、Zn2、Zn3） | F54: 7.15
B55: LY7、LY8、LY10、LY11、LY14 | C55: 2.8 | D55: 铸锌 | F55: 6.86
B56: LY9、LY12 | C56: 2.78 | D56: 4-1铸造锌铝合金 | F56: 6.9
B57: LY16、LY17 | C57: 2.84 | D57: 4-0.5铸造锌铝合金 | F57: 6.75
A58: 锻铝 | B58: LD2、LD30 | C58: 2.7 | D58: 铅和铅锑合金 | F58: 11.37
B59: LD4 | C59: 2.65 | D59: 铅阳极板 | F59: 11.33
B60: LD5 | C60: 2.75

Sheet 氮气弹簧计算
A27: KALLER氮气弹簧压力计算
A29: 型 号： | B29: CU_420
A30: 规 格： | B30: CU 420-006
A31: 使用行程： | B31: 0
A32: 多变指数： | B32: 1
A35: 描 述 | B35: 值 | C35: 单位
A36: 型 号： | B36: CU_420
A37: 规 格： | B37: CU 420-006
A38: 使用行程： | B38: 0 | C38: mm
A39: 最大行程： | B39: 6 | C39: mm
A40: 初始压力： | B40: 4250 | C40: N
A41: 终止压力： | B41: 7000 | C41: N
A42: 多变指数： | B42: 1
A45: 计算结果：
A46: Fs=4250×{6/[6-0×(1-4250/7000)]}^1
A47: 4250

Sheet 压簧计算表
A1: 压簧计算表
A2: Coil diameter钢丝直径 | D2: mm | E2: 1.1
A3: 弹簧中径 | D3: mm | E3: 5.4
A4: Mean spring diameter弹簧外径 | D4: mm | E4: =E3+E2 -> 6.5
A5: Number of usefull coil有效圈数 | E5: 5
A6: Number of coil总圈数 | E6: =E5+2 -> 7
A7: Axial coil pitch轴向节距 | D7: mm | E7: =(E9-2*E2)/E5 -> 2.56 | F7: (0.28-0.5)D2 | J7: =E7*E5 -> 12.8
A8: 间距 | E8: =E7-E2 -> 1.46
A9: 自由高度 | E9: 15
A10: 压缩弹簧高径比 | E10: =E9/E3 -> 2.7777778 | F10: 两端固定<5.3,一端固定<3.7,两端回转<2.6
A11: Calcul results计算结果 | E11: coils in toutch并圈 | F11: In place安装 | H11: Maximum最大
A12: Height高度 | D12: mm | E12: =E9-E8*E5 -> 7.7 | F12: 13 | H12: 12
A13: Load负荷 | D13: N | E13: =E17*(E9-E12) -> 135.75077 | F13: =F17*(E9-F12) -> 37.191993 | H13: =H17*(E9-H12) -> 55.78799
A14: 安装预压缩力要求 | H14: PI()*d0^2/4*deltap
A15: 气门全开时惯性力 | H15: 500
A16: 气门升程 | H16: 6
A17: Stiffness刚度 | D17: N/mm | E17: =E24*E2^4/(8*E3^3*E5) -> 18.595997 | F17: =E24*E2^4/(8*E3^3*E5) -> 18.595997 | H17: =F17 -> 18.595997
A18: Stress应力 | D18: MPa | E18: =8*E13*$E$3*$C$28/(PI()*$E$2^3) -> 1847.2662 | F18: =8*F13*$E$3*$C$28/(PI()*$E$2^3) -> 506.10034 | H18: =8*H13*$E$3*$C$28/(PI()*$E$2^3) -> 759.15051 | J18: =H18/1.2 -> 632.62543
A19: Natural frequency自振频率 | D19: Hz
A20: 弹簧展开长度 | E20: =PI()*E3*E6/COS(E21) -> 120.09668
A21: 螺旋角……r | E21: =ATAN(E7/PI()/E3) -> 0.14977244 | F21: =E21*180/PI() -> 8.5813285 | H21: (5-9）度范围内
A22: SHOT BLASTED CHARACTERISTICS 喷丸处理材料性能
E23: 50CrVA | F23: 60Si2CrA | G23: 65Mn | H23: 60Si2CrVA
A24: Shear modulus剪切弹性模量 | D24: MPa | E24: 80000 | F24: 80000 | G24: 80000 | H24: 80000
A25: 弹性模量_E | D25: MPa | E25: 196000 | F25: 196000 | G25: 196000 | H25: 196000
A26: Ultimate strength极限强度deta_b | D26: MPa | E26: 1127.75 | F26: 1569.05 | G26: 1500 | H26: 1667.11
A27: 许用切应力 | D27: MPa | E27: =441*1.2 -> 529.2 | F27: =570*1.2 -> 684 | G27: =0.3*G26*1.2 -> 540 | H27: =559*1.2 -> 670.8
A28: K_曲度系数 | C28: =(4*C29-1)/(4*C29-4)+0.615/C29 -> 1.3171382
A29: C_旋绕比 | C29: =E3/E2 -> 4.9090909
A30: D2_弹簧中径 | C30: =E3 -> 5.4
A31: 凸轮轴最高转速 | C31: 10000 | D31: 转/分
A32: ne_弹簧自振频率 | C32: =2.17*10^6*E2*0.1/(E5*(C30*0.1)^2) -> 163717.42 | D32: 次/分
A33: 自振频率/凸轮最高转速 | C33: =C32/C31 -> 16.371742 | D33: （气门弹簧必须大于10－14）

Sheet 所有换算单位
A1: 单位计算
A2: 请直接输入带有黄色的数值
A3: kgf/c㎡ | B3: Kpa | D3: Kpa | E3: kgf/c㎡
A4: 1 | B4: =A4*98.07 -> 98.07 | D4: 98.07 | E4: =D4/98.07 -> 1
A6: kgf | B6: N | D6: N | E6: kgf
A7: 3 | B7: =9.81*A7 -> 29.43 | D7: 9.81 | E7: =D7/9.81 -> 1
A10: KG | B10: N(牛顿) | D10: N(牛顿) | E10: KG | J10: 桶容量计算公式
A11: 1 | B11: =A11*10 -> 10 | D11: 10 | E11: =D11/10 -> 1 | J11: 桶直径(mm) | K11: 桶高度(mm) | L11: 桶容量L
J12: 230 | K12: 350
L13: =3.14*J12*J12/4*K12/1000000 -> 14.534275
A14: KG | B14: Mpa | D14: Mpa | E14: KG
A15: 1 | B15: =A15/10 -> 0.1 | D15: 1 | E15: =D15*10 -> 10
A17: Kgf/c㎡ | B17: Pa | C17: Mpa
A18: 1 | B18: =A18*98100 -> 98100 | C18: =A18*0.0981 -> 0.0981
A20: Mpa | B20: Kg/C㎡ | D20: Kg/C㎡ | E20: Mpa
A21: 1 | B21: =A21*10 -> 10 | D21: 10 | E21: =D21/10 -> 1
A23: 马力 | B23: 瓦 | C23: kg | E23: 瓦 | F23: 马力 | G23: kg
A24: 1 | B24: =A24*735 -> 735 | C24: =B24/10 -> 73.5 | E24: 1470 | F24: =E24/735 -> 2 | G24: =E24/10 -> 147
A26: 1米制马力=735.49875瓦
A27: 100KW=100000÷735.49875≈136米制马力
A28: 1英制马力=745.699872瓦
A29: 100KW=100000÷745.699872≈134英制马力

Sheet 气缸力计算及使用
A1: 气缸参数 | D1: 标准输出力 | F1: 具体使用情况出力
F3: 1.当使用速度V≥500mm/s时 | H3: 2.当使用速度V≤500mm/s时 | J3: 3.静压力时 | K3: 4.受力为垂直方向 | M3: 5.受力为水平方向
F4: 安全效率η: | G4: 0.3 | H4: 安全效率η: | I4: 0.5 | J4: 安全效率η=0.7 | K4: 安全效率η=0.5 | M4: 安全效率η=0.7
F5: 气缸实力 | H5: 气缸实力 | J5: 气缸实力 | K5: 气缸实力 | M5: 气缸实力
A6: 缸径D(mm) | B6: 杆径(mm) | C6: 气压(Mpa) | D6: 伸出力(KgN) | E6: 回缩力(KgN) | F6: 伸出力(KgN) | G6: 回缩力(KgN) | H6: 伸出力(KgN) | I6: 回缩力(KgN) | J6: 持续力(KgN) | K6: 伸出力(KgN) | L6: 回缩力(KgN) | M6: 伸出力(KgN) | N6: 回缩力(KgN)
A7: 6 | B7: 3 | C7: 0.5 | D7: =3.14159265*(A7*A7/4)*C7/10 -> 1.4137167 | E7: =3.14159265*(A7*A7/4-B7*B7/4)*C7/10 -> 1.0602875 | F7: =D7*0.3 -> 0.42411501 | G7: =E7*0.3 -> 0.31808626 | H7: =D7*0.5 -> 0.70685835 | I7: =E7*0.5 -> 0.53014376 | J7: =D7*0.7 -> 0.98960168 | K7: =D7*0.5 -> 0.70685835 | L7: =E7*0.5 -> 0.53014376 | M7: =D7*0.7 -> 0.98960168 | N7: =E7*0.7 -> 0.74220126
A8: 8 | B8: 4 | C8: 0.5 | D8: =3.14159265*(A8*A8/4)*C8/10 -> 2.5132741 | E8: =3.14159265*(A8*A8/4-B8*B8/4)*C8/10 -> 1.8849556 | F8: =D8*0.3 -> 0.75398224 | G8: =E8*0.3 -> 0.56548668 | H8: =D8*0.5 -> 1.2566371 | I8: =E8*0.5 -> 0.94247779 | J8: =D8*0.7 -> 1.7592919 | K8: =D8*0.5 -> 1.2566371 | L8: =E8*0.5 -> 0.94247779 | M8: =D8*0.7 -> 1.7592919 | N8: =E8*0.7 -> 1.3194689
A9: 10 | B9: 4 | C9: 0.5 | D9: =3.14159265*(A9*A9/4)*C9/10 -> 3.9269908 | E9: =3.14159265*(A9*A9/4-B9*B9/4)*C9/10 -> 3.2986723 | F9: =D9*0.3 -> 1.1780972 | G9: =E9*0.3 -> 0.98960168 | H9: =D9*0.5 -> 1.9634954 | I9: =E9*0.5 -> 1.6493361 | J9: =D9*0.7 -> 2.7488936 | K9: =D9*0.5 -> 1.9634954 | L9: =E9*0.5 -> 1.6493361 | M9: =D9*0.7 -> 2.7488936 | N9: =E9*0.7 -> 2.3090706
A10: 12 | B10: 5 | C10: 0.5 | D10: =3.14159265*(A10*A10/4)*C10/10 -> 5.6548668 | E10: =3.14159265*(A10*A10/4-B10*B10/4)*C10/10 -> 4.6731191 | F10: =D10*0.3 -> 1.69646 | G10: =E10*0.3 -> 1.4019357 | H10: =D10*0.5 -> 2.8274334 | I10: =E10*0.5 -> 2.3365595 | J10: =D10*0.7 -> 3.9584067 | K10: =D10*0.5 -> 2.8274334 | L10: =E10*0.5 -> 2.3365595 | M10: =D10*0.7 -> 3.9584067 | N10: =E10*0.7 -> 3.2711833
B11: 6 | C11: 0.5 | D11: =3.14159265*(A10*A10/4)*C11/10 -> 5.6548668 | E11: =3.14159265*(A10*A10/4-B11*B11/4)*C11/10 -> 4.2411501 | F11: =D11*0.3 -> 1.69646 | G11: =E11*0.3 -> 1.272345 | H11: =D11*0.5 -> 2.8274334 | I11: =E11*0.5 -> 2.120575 | J11: =D11*0.7 -> 3.9584067 | K11: =D11*0.5 -> 2.8274334 | L11: =E11*0.5 -> 2.120575 | M11: =D11*0.7 -> 3.9584067 | N11: =E11*0.7 -> 2.9688051
A12: 16 | B12: 5 | C12: 0.5 | D12: =3.14159265*(A12*A12/4)*C12/10 -> 10.053096 | E12: =3.14159265*(A12*A12/4-B12*B12/4)*C12/10 -> 9.0713488 | F12: =D12*0.3 -> 3.0159289 | G12: =E12*0.3 -> 2.7214046 | H12: =D12*0.5 -> 5.0265482 | I12: =E12*0.5 -> 4.5356744 | J12: =D12*0.7 -> 7.0371675 | K12: =D12*0.5 -> 5.0265482 | L12: =E12*0.5 -> 4.5356744 | M12: =D12*0.7 -> 7.0371675 | N12: =E12*0.7 -> 6.3499441
B13: 6 | C13: 0.5 | D13: =3.14159265*(A12*A12/4)*C13/10 -> 10.053096 | E13: =3.14159265*(A12*A12/4-B13*B13/4)*C13/10 -> 8.6393798 | F13: =D13*0.3 -> 3.0159289 | G13: =E13*0.3 -> 2.5918139 | H13: =D13*0.5 -> 5.0265482 | I13: =E13*0.5 -> 4.3196899 | J13: =D13*0.7 -> 7.0371675 | K13: =D13*0.5 -> 5.0265482 | L13: =E13*0.5 -> 4.3196899 | M13: =D13*0.7 -> 7.0371675 | N13: =E13*0.7 -> 6.0475659
A14: 20 | B14: 8 | C14: 0.5 | D14: =3.14159265*(A14*A14/4)*C14/10 -> 15.707963 | E14: =3.14159265*(A14*A14/4-B14*B14/4)*C14/10 -> 13.194689 | F14: =D14*0.3 -> 4.712389 | G14: =E14*0.3 -> 3.9584067 | H14: =D14*0.5 -> 7.8539816 | I14: =E14*0.5 -> 6.5973446 | J14: =D14*0.7 -> 10.995574 | K14: =D14*0.5 -> 7.8539816 | L14: =E14*0.5 -> 6.5973446 | M14: =D14*0.7 -> 10.995574 | N14: =E14*0.7 -> 9.2362824
B15: 10 | C15: 0.5 | D15: =3.14159265*(A14*A14/4)*C15/10 -> 15.707963 | E15: =3.14159265*(A14*A14/4-B15*B15/4)*C15/10 -> 11.780972 | F15: =D15*0.3 -> 4.712389 | G15: =E15*0.3 -> 3.5342917 | H15: =D15*0.5 -> 7.8539816 | I15: =E15*0.5 -> 5.8904862 | J15: =D15*0.7 -> 10.995574 | K15: =D15*0.5 -> 7.8539816 | L15: =E15*0.5 -> 5.8904862 | M15: =D15*0.7 -> 10.995574 | N15: =E15*0.7 -> 8.2466807
A16: 25 | B16: 10 | C16: 0.5 | D16: =3.14159265*(A16*A16/4)*C16/10 -> 24.543693 | E16: =3.14159265*(A16*A16/4-B16*B16/4)*C16/10 -> 20.616702 | F16: =D16*0.3 -> 7.3631078 | G16: =E16*0.3 -> 6.1850105 | H16: =D16*0.5 -> 12.271846 | I16: =E16*0.5 -> 10.308351 | J16: =D16*0.7 -> 17.180585 | K16: =D16*0.5 -> 12.271846 | L16: =E16*0.5 -> 10.308351 | M16: =D16*0.7 -> 17.180585 | N16: =E16*0.7 -> 14.431691
B17: 12 | C17: 0.5 | D17: =3.14159265*(A16*A16/4)*C17/10 -> 24.543693 | E17: =3.14159265*(A16*A16/4-B17*B17/4)*C17/10 -> 18.888826 | F17: =D17*0.3 -> 7.3631078 | G17: =E17*0.3 -> 5.6666477 | H17: =D17*0.5 -> 12.271846 | I17: =E17*0.5 -> 9.4444129 | J17: =D17*0.7 -> 17.180585 | K17: =D17*0.5 -> 12.271846 | L17: =E17*0.5 -> 9.4444129 | M17: =D17*0.7 -> 17.180585 | N17: =E17*0.7 -> 13.222178
A18: 32 | B18: 12 | C18: 0.5 | D18: =3.14159265*(A18*A18/4)*C18/10 -> 40.212386 | E18: =3.14159265*(A18*A18/4-B18*B18/4)*C18/10 -> 34.557519 | F18: =D18*0.3 -> 12.063716 | G18: =E18*0.3 -> 10.367256 | H18: =D18*0.5 -> 20.106193 | I18: =E18*0.5 -> 17.27876 | J18: =D18*0.7 -> 28.14867 | K18: =D18*0.5 -> 20.106193 | L18: =E18*0.5 -> 17.27876 | M18: =D18*0.7 -> 28.14867 | N18: =E18*0.7 -> 24.190263
B19: 16 | C19: 0.5 | D19: =3.14159265*(A18*A18/4)*C19/10 -> 40.212386 | E19: =3.14159265*(A18*A18/4-B19*B19/4)*C19/10 -> 30.159289 | F19: =D19*0.3 -> 12.063716 | G19: =E19*0.3 -> 9.0477868 | H19: =D19*0.5 -> 20.106193 | I19: =E19*0.5 -> 15.079645 | J19: =D19*0.7 -> 28.14867 | K19: =D19*0.5 -> 20.106193 | L19: =E19*0.5 -> 15.079645 | M19: =D19*0.7 -> 28.14867 | N19: =E19*0.7 -> 21.111503
A20: 40 | B20: 16 | C20: 0.5 | D20: =3.14159265*(A20*A20/4)*C20/10 -> 62.831853 | E20: =3.14159265*(A20*A20/4-B20*B20/4)*C20/10 -> 52.778757 | F20: =D20*0.3 -> 18.849556 | G20: =E20*0.3 -> 15.833627 | H20: =D20*0.5 -> 31.415927 | I20: =E20*0.5 -> 26.389378 | J20: =D20*0.7 -> 43.982297 | K20: =D20*0.5 -> 31.415927 | L20: =E20*0.5 -> 26.389378 | M20: =D20*0.7 -> 43.982297 | N20: =E20*0.7 -> 36.94513
A21: 50 | B21: 20 | C21: 0.5 | D21: =3.14159265*(A21*A21/4)*C21/10 -> 98.17477 | E21: =3.14159265*(A21*A21/4-B21*B21/4)*C21/10 -> 82.466807 | F21: =D21*0.3 -> 29.452431 | G21: =E21*0.3 -> 24.740042 | H21: =D21*0.5 -> 49.087385 | I21: =E21*0.5 -> 41.233404 | J21: =D21*0.7 -> 68.722339 | K21: =D21*0.5 -> 49.087385 | L21: =E21*0.5 -> 41.233404 | M21: =D21*0.7 -> 68.722339 | N21: =E21*0.7 -> 57.726765
A22: 63 | B22: 20 | C22: 0.5 | D22: =3.14159265*(A22*A22/4)*C22/10 -> 155.86227 | E22: =3.14159265*(A22*A22/4-B22*B22/4)*C22/10 -> 140.1543 | F22: =D22*0.3 -> 46.75868 | G22: =E22*0.3 -> 42.046291 | H22: =D22*0.5 -> 77.931133 | I22: =E22*0.5 -> 70.077151 | J22: =D22*0.7 -> 109.10359 | K22: =D22*0.5 -> 77.931133 | L22: =E22*0.5 -> 70.077151 | M22: =D22*0.7 -> 109.10359 | N22: =E22*0.7 -> 98.108011
A23: 80 | B23: 25 | C23: 0.5 | D23: =3.14159265*(A23*A23/4)*C23/10 -> 251.32741 | E23: =3.14159265*(A23*A23/4-B23*B23/4)*C23/10 -> 226.78372 | F23: =D23*0.3 -> 75.398224 | G23: =E23*0.3 -> 68.035116 | H23: =D23*0.5 -> 125.66371 | I23: =E23*0.5 -> 113.39186 | J23: =D23*0.7 -> 175.92919 | K23: =D23*0.5 -> 125.66371 | L23: =E23*0.5 -> 113.39186 | M23: =D23*0.7 -> 175.92919 | N23: =E23*0.7 -> 158.7486
A24: 100 | B24: 30 | C24: 0.5 | D24: =3.14159265*(A24*A24/4)*C24/10 -> 392.69908 | E24: =3.14159265*(A24*A24/4-B24*B24/4)*C24/10 -> 357.35616 | F24: =D24*0.3 -> 117.80972 | G24: =E24*0.3 -> 107.20685 | H24: =D24*0.5 -> 196.34954 | I24: =E24*0.5 -> 178.67808 | J24: =D24*0.7 -> 274.88936 | K24: =D24*0.5 -> 196.34954 | L24: =E24*0.5 -> 178.67808 | M24: =D24*0.7 -> 274.88936 | N24: =E24*0.7 -> 250.14931

Sheet 电镀余量参考
A1: 电镀余量参考
A3: 为保证电镀后工件符合客户需求,特制定下表共参考:
A4: 项目 | B4: 表面处理类型 | D4: 单边镀层厚度 (单位:mm) | F4: 材料 | G4: 供应商 名称 | H4: 镀层颜色 | I4: 备注
A6: 1 | B6: 普通沉镍 | D6: 0.003~0.005 | F6: 铝 | G6: 艺发 | H6: 光亮 浅黄色
D7: 0.004~0.006 | F7: 铜
D8: 0.004~0.006 | F8: 王牌S136、S416
A10: 2 | B10: 加厚沉镍 | D10: 0.010~0.015 | F10: 铝、铜、王牌、S136、S416
A12: 3 | B12: 氧化白 | D12: 0.003~0.005 | F12: 铝 | H12: 白色
A13: 4 | B13: 氧化黑 | D13: 0.003~0.005 | F13: 铝 | H13: 黑色
A14: 5 | B14: 氧化黄 | D14: 0.03~0.005 | F14: 铝 | H14: 黄色
A15: 6 | B15: 电硬黑 | D15: 0.008~0.010 | F15: 铝 | H15: 黑色
A16: 7 | B16: 电硬白 | D16: 0.008~0.010 | F16: 铝 | H16: 白色偏浅黄
A17: 8 | B17: 电黑锌 | D17: 0.008~0.010 | F17: 钢铁类 | H17: 黑色 | I17: 处理层质软易花易磨损
B18: 发(煲)黑 | D18: 0.002~0.004 | F18: 45#、40Cr、 S136等 | H18: 黑色
A19: 9 | B19: 镀硬铬 | D19: 0.003~0.005 | F19: 王牌、S136、铬钢 | H19: 银白
A20: 10 | B20: 镀金 | D20: 0.001~0.002 | F20: 铝、铜 | G20: 山水/鑫艺彩 | H20: 金黄色
A21: 11 | B21: 氮化(QPQ) 氮化/渗碳 | D21: 0.001~0.003 | F21: 不锈钢类 | G21: 万利达 | H21: 黑色
H22: 灰白色
A24: 注： | B24: 1. 以上为普通表面处理增厚数据.
B25: 2. 对无要求之普通表面处理,加工时一律按以上镀层增厚留足电镀余量;QC按留后
B26: 要求检测.
B27: 3. 对少部分有膜厚要求的表处则需按要求注明,加工检测也按其要求执行.
B28: 4. 留意电镀后外形尺寸变化是单边增加，孔距及同位台阶无变化.
B29: 5. 铬钢做发黑处理则偏红色，S136则为棕黑/灰,且都易锈,一般情况下不建议做发
B30: 黑处理.
B31: 6. 线割件表面处理要求:线割部位及周边需用砂纸省光至无明显纹路.
B32: 7. 名词解释:增厚——原工件表面增加的电镀层厚度.可以用一般长度测量工具测量.
C33: 膜厚——单面表面处理层总厚,包括表面增厚和渗透入工件表层的厚度.需用专
C34: 业仪器测量计算.
A35: 另附: | B35: 艺发表面处理代码如下表
C36: AC--氧化白 | E36: AA--硬白 | G36: AH--硬黑 | H36: AB--氧化黑
C37: NI--沉镍 | E37: AP--煲黑 | G37: CI--硬铬 | H37: Nitriding--氧化
G39: 金博 品质部 | H39: 2009.02.14更新

Sheet 齿轮的换算公式
F1: 齿轮的换算公式
A2: 齿数 | B2: z
A3: 模数 | B3: m | C3: m=p/3.1415926
A4: 齿距 | B4: p | C4: p=3.1415926 x m
A5: 齿顶高 | B5: ha | C5: ha=m
A6: 齿根高 | B6: hf | C6: hf=1.25m
A7: 齿高 | B7: h | C7: h=2.25m
A8: 分度圆直径 | B8: d | C8: d=mz
A9: 齿顶圆直径 | B9: da | C9: da=m(Z+2)
A10: 齿根圆直径 | B10: df | C10: df=m(z-2.5)
A11: 中心距 | B11: a | C11: a=m(z1+z2)/2
A12: 齿数 | B12: z | D12: 12
A13: 模数 | B13: m | C13: m=p/3.1415926 | D13: 2
A14: 齿距 | B14: p | C14: p=3.1415926 x m | D14: =3.1415926*D13 -> 6.2831852
A15: 齿顶高 | B15: ha | C15: ha=m | D15: =D13 -> 2
A16: 齿根高 | B16: hf | C16: hf=1.25m | D16: =1.25 -> 1.25
A17: 齿高 | B17: h | C17: h=2.25m | D17: 2.25
A18: 分度圆直径 | B18: d | C18: d=mz | D18: =D13*D12 -> 24
A19: 齿顶圆直径 | B19: da | C19: da=m(Z+2) | D19: =D13*(D12+2) -> 28
A20: 齿根圆直径 | B20: df | C20: df=m(z-2.5) | D20: =D13*(D12-2.5) -> 19
A21: 中心距 | B21: a | C21: a=m(z1+z2)/2
A27: 测绘正齿轮的方法
A28: 数出齿轮的齿数Z=20
A29: 测量出齿轮的外径Da=60
A30: M模数=Da/(Z+2)=
D38: 标准模数GB1357-87 公制
A39: 第一系列 | B39: 0.1 0.12 0.15 0.2 | C39: 0.25 0.3 0.4 | D39: 0.5 0.6 0.8 1 1.25 | E39: 1.5 2 2.5 3 4 5 | F39: 6 8 10 12 16 20 25 | G39: 32 40 50
A40: 第二系列 | B40: 0.35 0.7 0.9 1.75 | C40: 2.25 2.75 (3.25) | D40: 3.5 (3.75) 4.5 5.5 | E40: (6.5) 7 9 (11) | F40: 14 18 22 28 36 45
A41: 注：在用模数 | B41: 时尽力用第一列
A44: 齿数 | B44: z | D44: 47
A45: 节径 | C45: 25.4/节径 | D45: 25.5
A46: 模数 | B46: m | C46: m=25.4/ | D46: =25.4/D45 -> 0.99607843
A47: 齿距 | B47: p | C47: p=3.1415926 x m | D47: =3.1415926*D46 -> 3.1292726
A48: 齿顶高 | B48: ha | C48: ha=m | D48: =D46 -> 0.99607843
A49: 齿根高 | B49: hf | C49: hf=1.25m | D49: =1.25 -> 1.25
A50: 齿高 | B50: h | C50: h=2.25m | D50: 2.25
A51: 分度圆直径 | B51: d | C51: d=mz | D51: =D46*D44 -> 46.815686
A52: 齿顶圆直径 | B52: da | C52: da=m(Z+2) | D52: =D46*(D44+2) -> 48.807843
A53: 齿根圆直径 | B53: df | C53: df=m(z-2.5) | D53: =D46*(D44-2.5) -> 44.32549
A54: 中心距 | B54: a | C54: a=m(z1+z2)/2
C58: 英制的模数在约算法是； | D58: 25.4除节径（节径是标准的要推数）等于的数相当公制模数
A59: 节径 | B59: 0.5-0.75-1-1.5-2.0-2.5-3.0-3.5-4-5-6-8-10-12-16-20-24-32-40-48-64-72-80-96-120-200
C78: （传动）圆弧齿计算公式
A103: 槽型 | B103: 节距 Pb | C103: 齿槽深 hg | D103: 齿槽圆弧半径 R | E103: 齿顶圆角半径 R1 | F103: 齿槽宽 | G103: 两倍节顶距 2￡ | H103: 齿形角
A104: 3M | B104: 3 | C104: 1.28 | D104: 0.91 | E104: 0.26-0.35 | F104: 1.9 | G104: 0.762 | H104: ≈14°
A105: 5M | B105: 5 | C105: 2.16 | D105: 1.56 | E105: 0.48-0.52 | F105: 3.25 | G105: 3.25 | H105: ≈14°
A106: 8M | B106: 8 | C106: 3.54 | D106: 2.57 | E106: 0.78-0.84 | F106: 5.35 | G106: 1.372 | H106: ≈14°
A107: 14M | B107: 14 | C107: 6.2 | D107: 4.65 | E107: 1.36-1.50 | F107: 9.8 | G107: 2.794 | H107: ≈14°
A108: 20M | B108: 20 | C108: 8.6 | D108: 6.84 | E108: 1.95-2.25 | F108: 14.8 | G108: 4.32 | H108: ≈14°
A110: 节圆直径
A111: d＝pbz/3.1415926
A113: 外径
A114: do＝d-2￡
A119: 材料体积,质量计算表
A120: 长方体
A121: 长 | B121: 宽 | C121: 高 | E121: 体积(cm3) | F121: 比重 | G121: 单重(kg) | H121: 单价 | I121: 金额
A122: 50 | B122: 60 | C122: 110 | E122: =A122*B122*C122/1000 -> 330 | F122: 8 | G122: =E122*F122/1000 -> 2.64 | H122: 48 | I122: =G122*H122 -> 126.72
E124: 体积平方厘米=长X宽X高除以1000=
A126: 圆柱体
A127: 半径 | B127: 半径 | C127: 高 | E127: 体积(cm3) | F127: 比重 | G127: 单重(kg) | H127: 单价 | I127: 金额
A128: 12.7 | B128: 5 | C128: 220 | E128: =A128*B128*3.14*C128/1000 -> 43.8658 | F128: 8 | G128: =E128*F128/1000 -> 0.3509264 | H128: 48 | I128: =G128*H128 -> 16.844467
B138: 圆弧圆柱蜗杆蜗轮换算
A139: 名称 | B139: 代号 | C139: 公式
A140: 中心距 | B140: a | C140: a=(d1+d2+2x2m)/2 | D140: =D163+D155+(2*D146*D145)/2 -> 100
A141: 传动比 | B141: i | C141: i=z2/z1 | D141: =D143/D142 -> 12
A142: 蜗杆头数 | B142: Z1 | C142: z1=1,2,4,6 | D142: 1
A143: 蜗轮齿数 | B143: Z2 | C143: z2=iz1 | D143: 12
A144: 轴向齿形角 | B144: ax | C144: ax=23 | D144: 23
A145: 轴向模数 | B145: Mx | C145: M=d2/z2 | D145: 5
A146: 蜗轮变位系数 | B146: x2 | C146: x2=a/m-(d1+d2)/2m) | D146: 0
A147: 蜗杆齿顶高 | B147: ha1 | C147: ha1=m | D147: =D145 -> 5
A148: 蜗杆齿根高 | B148: hf1 | C148: hf1=1.2m | D148: =1.2*D145 -> 6
A149: 顶隙 | B149: C | C149: c=0.2m | D149: =0.2*D145 -> 1
A150: 蜗杆齿顶圆直径 | B150: da1 | C150: da1=d1+2m | D150: =D163+(2*D145) -> 50
A151: 蜗杆齿根圆直径 | B151: df1 | C151: df1=d1-2hf1=d1-2.4m | D151: =D163-(2*D148) -> 28
A152: 导程角 | B152: r | C152: r=arctanx(mz1/d1) | D152: =
A153: 蜗杆轴向齿厚 | B153: sx | C153: sx=0.4mx3.1415926 | D153: =0.4*3.1415926*(D145) -> 6.2831852
A154: 蜗杆法向齿厚 | B154: sn | C154: sn=sxcosr
A155: 蜗轮分度圆直径 | B155: d2 | C155: d2=mz2 | D155: =D145*D143 -> 60
A156: 蜗轮齿顶高 | B156: ha2 | C156: ha2=m(1+x2) | D156: =D145*(1+D146) -> 5
A157: 蜗轮齿根高 | B157: hf2 | C157: hf2=m(1.2-x2) | D157: =D145*(1.2-D146) -> 6
A158: 蜗轮喉圆直径 | B158: da2 | C158: da2=d2+2m(1+x2) | D158: =D155+2*D145*(1+D146) -> 70
A159: 蜗轮齿根直径 | B159: df2 | C159: df2=d2-2m(1.2-x2 | D159: =D155-2*D145*(1.2-D146) -> 48
A160: 蜗轮顶圆直径 | B160: de2 | C160: de2≤da2+(0.8-1)m取整 | D160: 24.2
A161: 蜗杆导程 | B161: PZ | C161: PZ=3.1415926MXZ1 | D161: =3.1415926*D145*D142 -> 15.707963 | E161: 齿距x蜗杆杆数
A162: 蜗杆齿距 | B162: PX | C162: PX=3.1415926M | D162: =3.1415926*D145 -> 15.707963
A163: 蜗杆分度圆直径 | B163: d1 | C163: d1=QMX | D163: 40
A164: 直径系数 | B164: Q | C164: Q=d1/Mx | D164: 10 | F164: 8
D165: 直径系数Q是蜗杆的节径d1与轴向模数MX的比
A167: 1注：圆柱蜗杆轴向模数
A168: 1，1.25，1.60，2.00，2.50，3.15，4.0，5.0
A169: 6.3，8.0，10.0，12.5，.16.0，20.0，25.0
A172: 1注：圆柱蜗杆分度圆直径d1值
A173: 4/4.5/5/5.6/6.3/7.1/7.5/8/8.5//9/10/11.2/12.5/
B176: 圆弧圆柱蜗杆计算
A177: 名称 | B177: 代号 | C177: 公式
A178: 模数 | B178: Mx | C178: 齿距除以3.1415926
A179: 蜗杆导程 | B179: PZ | C179: PZ=3.1415926MXZ1 | D179: 3.1415926*模数x杆数
A180: 蜗杆齿距 | B180: PX | C180: PX=3.1415926M | D180: 3.1415926*模数,量出来
A181: 蜗杆分度圆直径 | B181: d1
...

Sheet 张力逐点计算
A1: 张力逐点计算法
A2: 一、已知条件：
A3: 1.第二传动滚筒奔离点输送带张力 S2= | D3: =[6]功率及张力计算!B247 -> 32923.403 | E3: N
A4: 2.第二传动滚筒趋入点输送带张力 S2'= | D4: =[6]功率及张力计算!B250 -> 77486.462 | E4: N
A5: 3.第一传动滚筒趋入点输送带张力 S1= | D5: =[6]功率及张力计算!B257 -> 122049.52 | E5: N
A6: 4.第一传动滚筒奔离点输送带张力 S1'= | D6: =[6]功率及张力计算!B254 -> 77486.462 | E6: N
A7: 5. 尾部滚筒胶带趋入点输送带张力 S3= | D7: =[6]功率及张力计算!B270 -> 24287.887 | E7: N
A8: 6. 尾部滚筒胶带奔离点输送带张力 S4= | D8: =[6]功率及张力计算!B265 -> 25259.402 | E8: N
A9: 二、计算
A10: 3）空载段S23= | B10: S22+L23ωg(q0+q2)-L23q0gtgβ
D11: 式中：
D12: 折线段倾角β3= | E12: =[6]功率及张力计算!C51 -> 0 | F12: ° = | G12: =(E12/180)*3.1415926 -> 0 | H12: 弧度
E13: S22＝ | F13: =D6 -> 77486.462 | G13: N
D14: 折线段长度 L23= | F14: 31.2 | G14: m
D15: 上下胶带模拟阻力系数：ω= | F15: =[6]功率及张力计算!D93 -> 0.023
D16: 每米机长胶带质量：q0= | F16: =[6]功率及张力计算!C71 -> 32.34 | G16: kg/m
D17: 每米机长下辊子旋转部分质量：q2= | G17: =[6]功率及张力计算!D90 -> 7.76 | H17: kg/m
A18: = | B18: =F13+F14*F15*9.81*(F16+G17)-F14*F16*9.81*TAN(G12) -> 77768.752 | C18: N
A19: 4）空载段S24= | B19: S5+L24ωg(q0+q2)-L24q0gtgβ
D20: 式中：
D21: 折线段倾角β2= | E21: =[6]功率及张力计算!C50 -> 13 | F21: ° = | G21: =(E21/180)*3.1415926 -> 0.2268928 | H21: 弧度
E22: S5＝ | F22: =[6]功率及张力计算!F285 -> 31000 | G22: N
D23: 折线段长度 L24= | F23: 117 | G23: m
D24: 上下胶带模拟阻力系数：ω= | F24: =F15 -> 0.023
D25: 每米机长胶带质量：q0= | F25: =F16 -> 32.34 | G25: kg/m
D26: 每米机长下辊子旋转部分质量：q2= | G26: =G17 -> 7.76 | H26: kg/m
A27: = | B27: =F22+F23*F24*9.81*(F25+G26)-17.49*F25*9.81 -> 26509.791 | C27: N
A28: 5）空载段S25= | B28: S24+L25ωg(q0+q2)-L25q0gtgβ+F4
D29: 式中：
D30: 折线段倾角β1= | E30: =[6]功率及张力计算!C49 -> 0 | F30: ° = | G30: =(E30/180)*3.1415926 -> 0 | H30: 弧度
E31: S24＝ | F31: =B27 -> 26509.791 | G31: N
D32: 折线段长度 L25= | F32: 40.7 | G32: m
D33: 上下胶带模拟阻力系数：ω= | F33: =F24 -> 0.023
D34: 每米机长胶带质量：q0= | F34: =F25 -> 32.34 | G34: kg/m
D35: 每米机长下辊子旋转部分质量：q2= | G35: =G26 -> 7.76 | H35: kg/m
D36: 尾清阻力F4＝ | E36: =[6]功率及张力计算!B164 -> 274.68 | F36: N
A37: = | B37: =F31+F32*F33*9.81*(F34+G35)-F32*F34*9.81*TAN(G30)+E36 -> 27152.715 | C37: N
A38: 校核 ≈ | B38: S3 = | C38: =D7 -> 24287.887 | D38: N
A40: 4）重载段S44= | B40: S4+L25ωg(q+q0+q1)+L25（q0+q）gtgβ+F5+F6+F7
C41: 式中：
D42: 折线段倾角β1= | E42: =[6]功率及张力计算!C49 -> 0 | F42: ° = | G42: =(E42/180)*3.1415926 -> 0 | H42: 弧度
E43: S4＝ | F43: =D8 -> 25259.402 | G43: N
D44: 折线段长度 L25= | F44: =F32 -> 40.7 | G44: m
D45: 上下胶带模拟阻力系数：ω= | F45: =F15 -> 0.023
D46: 每米机长胶带质量：q0= | F46: =F16 -> 32.34 | G46: kg/m
D47: 每米机长上辊子旋转部分质量：q1= | G47: =[6]功率及张力计算!D85 -> 20.525 | H47: kg/m
D48: 每米机长物料质量 ： q= | G48: =[6]功率及张力计算!C73 -> 142.23133 | H48: kg/m
D49: 托辊前倾阻力 F5= | F49: =[6]功率及张力计算!B167 -> 1847.8065 | G49: N
D50: 导料板阻力 F6= | F50: =[6]功率及张力计算!B174 -> 413.44551 | G50: N
D51: 给料点处物料附加阻力 F6= | F51: =[6]功率及张力计算!B182 -> 1411.2903 | G51: N
A52: = | B52: =F43+F44*F45*9.81*(G48+F46+G47)+F44*(F46+G48)*9.81*TAN(G42)+F49+F50+F51 -> 30723.542 | C52: N
A53: 5）第一折线β1～β2处凹弧半径计算
A54: R1＝ | B54: 1.35S44/q0g
A55: ＝ | B55: =1.35*B52/(F46*9.81) -> 130.73625 | C55: m
A56: 6）重载段S43= | B56: S44+L24ωg(q+q0+q1)+L24（q0+q）gtgβ
D57: 式中：
D58: 折线段倾角β2= | E58: =[6]功率及张力计算!C50 -> 13 | F58: ° = | G58: =(E58/180)*3.1415926 -> 0.2268928 | H58: 弧度
E59: S42＝ | F59: =B52 -> 30723.542 | G59: N
D60: 折线段长度 L24= | F60: 226.55 | G60: m
D61: 上下胶带模拟阻力系数：ω= | F61: =F45 -> 0.023
D62: 每米机长胶带质量：q0= | F62: =F46 -> 32.34 | G62: kg/m
D63: 每米机长上辊子旋转部分质量：q1= | G63: =G47 -> 20.525 | H63: kg/m
D64: 每米机长物料质量 ： q= | G64: =G48 -> 142.23133 | H64: kg/m
A65: = | B65: =F59+F60*F61*9.81*(G64+F62+G63)+[6]功率及张力计算!C55*(F62+G64)*9.81 -> 120672.02 | C65: N
A66: 7）第二折线β2～β3处凸弧半径计算
A67: R2＝ | B67: 150Bsinε | D67: ε—托辊前槽角； | F67: ε= | G67: 35
A68: ＝ | B68: =150*G69*SIN(H68) -> 120.45105 | C68: m | G68: （弧度）= | H68: =G67*3.1415926/180 -> 0.61086523
F69: B= | G69: =[6]功率及张力计算!E58 -> 1.4 | H69: m
A70: 8）重载段S42= | B70: S42+L23ωg(q+q0+q1)+L23（q0+q）gtgβ
C71: 式中：
D72: 折线段倾角β3= | E72: =[6]功率及张力计算!C51 -> 0 | F72: ° = | G72: =(E72/180)*3.1415926 -> 0 | H72: 弧度
E73: S41＝ | F73: =B65 -> 120672.02 | G73: N
D74: 折线段长度 L23= | F74: =F14 -> 31.2 | G74: m
D75: 上下胶带模拟阻力系数：ω= | F75: =F45 -> 0.023
D76: 每米机长胶带质量：q0= | F76: =F62 -> 32.34 | G76: kg/m
D77: 每米机长上辊子旋转部分质量：q1= | G77: =G63 -> 20.525 | H77: kg/m
D78: 每米机长物料质量 ： q= | G78: =G64 -> 142.23133 | H78: kg/m
A79: = | B79: =F73+F74*F75*9.81*(G78+F76+G77)+F74*(F76+G78)*9.81*TAN(G72) -> 122045.43 | C79: N
A80: 校核 ≈ | B80: S1 = | C80: =D5 -> 122049.52 | D80: N

Sheet 功率及张力计算
A9: 胶带输送机设计计算书
B14: 工程名称：
B16: 单位工程名称：
B24: 设计(工程负责)人：
B26: 校 核 人：
C29: 总 计： 页
C32: 完成日期： 年 月 日
A34: 说明：1、红字为需要输入的数据，其他颜色为取值或计算得出；
A35: 2、本例胶带采用钢丝绳芯胶带；
A36: 3、本例含张力逐点计算，见工作表例；
A37: 4、仅供交流，原作者不负责计算结果的正误；
A38: 5、欢迎批评指正。
A39: 一、 原始参数
A40: 1.运输物料： | B40: 原煤； | C40: 松散密度： | D40: γ= | E40: 900 | F40: kg/m3
A41: 2.运输能力： | B41: 第一个给料点Q1= | C41: =1500/(1-0.07) -> 1612.9032 | D41: t/h
A42: （自尾部起） | B42: 第二个给料点Q2= | C42: 0 | D42: t/h
B43: 第三个给料点Q3= | C43: 0 | D43: t/h
B44: 第四个给料点Q4= | C44: 0 | D44: t/h
A45: 3.水平运输距离： | B45: L= | C45: 298.543 | D45: m
A46: 1）.第一、二给料点距离： | B46: L21= | C46: 0 | D46: m
A47: 2）.第二、三给料点距离： | B47: L32= | C47: 0 | D47: m
A48: 3）.第三、四给料点距离： | B48: L43= | C48: 0 | D48: m
A49: 4.胶带倾角： | B49: 第一段β1= | C49: 0 | D49: ° = | E49: =(C49/180)*3.1415926 -> 0 | F49: 弧度
A50: （自尾部起） | B50: 第二段β2= | C50: 13 | D50: ° = | E50: =(C50/180)*3.1415926 -> 0.2268928 | F50: 弧度
B51: 第三段β3= | C51: 0 | D51: ° = | E51: =(C51/180)*3.1415926 -> 0 | F51: 弧度
B52: 平均角度= | C52: =(C49+C50+C51)/3 -> 4.3333333 | D52: ° = | E52: =(E49+E50+E51)/3 -> 0.075630933 | F52: 弧度
A53: 5. 胶带速度： | B53: ν= | C53: 3.15 | D53: m/s
A54: 6. 提升高度： | B54: H= | C54: L'×tgβ
B55: = | C55: 46.7 | D55: m
A56: 二、 自定义参数
A57: 1. 胶带种类：钢丝绳芯胶带，上覆盖胶厚度8mm，下覆盖胶厚度8mm
A58: 2. 胶带宽度： | B58: B= | C58: 1400 | D58: mm = | E58: =C58/1000 -> 1.4 | F58: m
A59: 3. 胶带强度： | B59: σ= | C59: 1000 | D59: N/mm
A60: 4. 输送机理论运量： Q= | C60: 3.6Sνkγ | D60: 式中： | E60: S—输送带上物料最大截面积；
E61: S= | F61: 0.264 | G61: m2
E62: k—倾斜输送机面积折减系数；
E63: k= | F63: 0.92
E64: 带速v | F64: 松散密度γ
B65: Q= | C65: =3.6*F61*E65*F63*F65 -> 2478.8333 | D65: t/h | E65: =C53 -> 3.15 | F65: =E40 -> 900
B66: 大于Q1= | C66: =C41 -> 1612.9032 | D66: t/h
A67: 根据实际带速， | B67: 计算实际运量Q= | C67: 3.6Sνkγ
E68: 实际带速v | F68: 松散密度γ
B69: Q实际= | C69: =3.6*F61*E69*F63*F69 -> 2472.2172 | D69: t/h | E69: =F217 -> 3.1415926 | F69: =F65 -> 900
B70: 大于Q1= | C70: =C41 -> 1612.9032 | D70: t/h
A71: 5.每米机长胶带质量： q0= | C71: 32.34 | D71: kg/m
A72: 6.每米机长物料质量 ： q= | C72: Q/3.6ν | E72: 运输能力Q | F72: 带速v
B73: = | C73: =E73/(3.6*F73) -> 142.23133 | D73: kg/m | E73: =C41 -> 1612.9032 | F73: =E65 -> 3.15
A74: 7.滚筒组：
A75: （1）头部传动滚筒
A76: D≥ | B76: Cod | D76: 式中： | E76: 钢丝绳d= | F76: =4/1000 -> 0.004 | G76: m
A77: = | B77: =F77*F76 -> 0.6 | C77: m | E77: Co= | F77: 150
A78: 传动滚筒直径D= | B78: 800 | C78: mm
A79: （2） 尾部及主要改向滚筒直径= Φ | D79: 630 | E79: mm
A80: 8.托辊组：
A81: ⑴ 重载段：采用35°槽角托辊组， | D81: 辊子直径=Φ | F81: 133 | G81: mm
A82: 辊子轴承型号： | B82: 6305/C4 | C82: , | D82: 辊子轴径Φ | E82: 25 | F82: mm，
A83: 查表单个上辊转动部分质量qr0'= | C83: 8.21 | D83: kg n= | E83: 3 | F83: a0--上托辊组间距；a0 = | H83: 1.2
B84: qr0= | C84: nqr0'/a0= | D84: =E83*C83/H83 -> 20.525 | E84: kg/m
A85: 每米机长上辊子旋转部分质量： q1= | D85: =D84 -> 20.525 | E85: kg/m
A86: ⑵ 空载段：采用V型下托辊组 | D86: 辊子直径=Φ | F86: =F81 -> 133 | G86: mm
A87: 辊子轴承型号： | B87: =B82 -> 6305/C4 | C87: , | D87: 辊子轴径Φ | E87: =E82 -> 25 | F87: mm，
A88: 查表单个下辊转动部分质量qr0'= | C88: 11.64 | D88: kg n= | E88: 2 | F88: a0--上托辊组间距；au = | H88: 3
B89: qr0= | C89: nqr0'/au= | D89: =E88*C88/H88 -> 7.76 | E89: kg/m
A90: 每米机长下辊子旋转部分质量： q2= | D90: =D89 -> 7.76 | E90: kg/m
A91: ⑶ 辊子旋转转速： n= | C91: 30×ν/（3.14×r） | F91: 带速v： | G91: r
B92: = | C92: =30*F92/(3.1415926*G92) -> 452.33511 | D92: rpm | F92: =F73 -> 3.15 | G92: =F81/2000 -> 0.0665
A93: ⒑ 上下胶带模拟阻力系数： ω= | D93: 0.023
A94: ⒒ 胶带与传动滚筒之间的摩擦系数： μ= | D94: 0.35
A95: ⒓ 拉紧方式：液压拉紧，拉紧位置在头部，至头部距离： L1= | F95: 73.51 | G95: m
A96: ⒔ 清扫方式：头部布置H型合金橡胶清扫器，尾部布置角型硬质合金清扫器
A97: ⒕ 导料板长度： l= | C97: 4.5 | D97: m
A98: ⒖ 头部设置2组过渡托辊组，给料点下设置10组缓冲托辊组
A99: 三、 输送机布置型式（见附图）
A114: 头部为双滚筒双电机驱动
A115: 四.辊子载荷校核
A116: ⑴ 净载荷校核
A117: ① 重载段辊子校核
A118: P0= | B118: ea0g(Im/v+q0)
A119: = | B119: =F120*H119*9.81*((F123/H120)+H121) -> 1644.0429 | C119: N | D119: 式中： | E119: e--辊子载荷系数； | G119: a0= | H119: =F233 -> 1.2
E120: e= | F120: 0.8 | G120: v= | H120: =C53 -> 3.15
E121: Im--输送能力； | G121: q0= | H121: =C71 -> 32.34
E122: Im= | F122: Q/3.6
E123: = | F123: =C41/3.6 -> 448.02867 | G123: kg/s
A124: 辊子额定载荷P0e= | B124: 2920 | C124: N | D124: 故满足要求。
A125: ② 空载段辊子校核
A126: Pu= | B126: eauq0g | D126: 式中： | E126: e--辊子载荷系数； | G126: au= | H126: =F239 -> 3
A127: = | B127: =F127*H126*H127*9.81 -> 599.61271 | C127: N | E127: e= | F127: 0.63 | G127: q0= | H127: =C71 -> 32.34
A128: 辊子额定载荷Pue= | B128: 1780 | C128: N | D128: 故满足要求。
A129: ⑵ 动载荷校核
A130: ① 重载段辊子校核
A131: P0'= | B131: P0fsfdfa | D131: 式中： | E131: fs--运行系数；
A132: = | B132: =F137*F132*F134*F136 -> 2807.6143 | C132: N | E132: fs= | F132: 1.1
E133: fd--冲击系数；
E134: fd= | F134: 1.35
E135: fa--工况系数；
E136: fa= | F136: 1.15
E137: P0= | F137: =B119 -> 1644.0429 | G137: N
A138: 辊子额定载荷P0e= | B138: =B124 -> 2920 | C138: N | D138: 故满足要求。
A139: ② 空载段辊子校核
A140: Pu'= | B140: Pufsfa | D140: 式中： | E140: Pu | F140: fs | G140: fa
...

Sheet 机械设计常用计算公式
A1: 机械设计常用计算公式
A3: 1 | B3: 正应力计算 | C3: （或表面压应力）
B4: 公式 | N4: ·
B5: 参数 | C5: 说明 | D5: 计算 | E5: 附注
B6: σ | C6: 正应力（Mpa） | D6: =D7/D8 -> 35.714286
B7: W | C7: 拉伸或压缩载荷（N） | D7: 10000
B8: A | C8: 截面积(mm^2) | D8: 280
C9: 许用压（拉）应力 | D9: 200 | E9: 抗拉强度/安全系数
B10: 强度条件 | D10: =IF(D6<D9,"合格","不合格！") -> 合格
B12: 说明： | C12: 绿色单元格是原始参数需填入，红色单元格是结果
A15: 2 | B15: 剪切应力计算
B16: 公式 | N16: ·
B17: 参数 | C17: 说明 | D17: 计算 | E17: 附注
C18: 剪切应力（Mpa） | D18: =D19/D20 -> 71.428571
C19: 剪切力载荷（N） | D19: 20000
B20: A | C20: 截面积(mm^2) | D20: 280
C21: 许用切应力 | D21: 200 | E21: 屈服强度/安全系数
B22: 强度条件 | D22: =IF(D18<D21,"合格","不合格！") -> 合格
B24: 说明： | C24: 绿色单元格是原始参数需填入，红色单元格是结果
A27: 3 | B27: 冲击载荷计算
B28: 公式 | N28: ·
B29: 参数 | C29: 说明 | D29: 计算 | E29: 附注
B30: σ | C30: 冲击载荷产生的应力（MPa） | D30: =(D31/D32)*(1+POWER(1+2*D33*D32*D34/(D31*D35),0.5)) -> 4.6242939
B31: W | C31: 冲击力（N） | D31: 4410
B32: A | C32: 作用面积（mm^2） | D32: 70650
B33: E | C33: 弹性模量（Mpa） | D33: 1000 | E33: 常数
B34: h | C34: 冲击距离（mm） | D34: 1000
B35: l | C35: 物体长度(mm) | D35: 6000
B37: 说明： | C37: 绿色单元格是原始参数需填入，红色单元格是结果
A40: 3 | B40: 轴扭转强度计算 | G40: •圆截面扭转截面系数
B41: 公式 | G41: 实心圆截面 | H41: ·
B42: 参数 | C42: 说明 | D42: 计算 | E42: 附注 | G42: 空心圆截面
C43: 扭转切应力（MPa） | D43: =D44/D45 -> 117.38308
B44: T | C44: 施加在轴上的最大扭矩（N*mm） | D44: 10000000
B45: Wp | C45: 扭转截面系数(mm^3) | D45: =PI()*D46*D46*D46*(1-POWER(D47/D46,4))/16 -> 85191.157
B46: D | C46: 外径（mm） | D46: 80
B47: d | C47: 内径（mm） | D47: 50
C48: 许用切应力 | D48: 200 | E48: 屈服强度/安全系数
B49: 强度条件 | D49: =IF(D43<D48,"合格","不合格！") -> 合格
B51: 说明： | C51: 绿色单元格是原始参数需填入，红色单元格是结果
A54: 4 | B54: 弯曲强度计算
B55: 公式 | G55: 圆形截面
B56: 参数 | C56: 说明 | D56: 计算 | E56: 附注
C57: 弯曲应力（MPa） | D57: =D59/D60 -> 198.94368 | E57: 圆形截面 | G57: 矩形截面
D58: =D59/D61 -> 240 | E58: 矩形截面
C59: 弯矩（N*mm） | D59: 10000000
B60: WZ | C60: 抗弯截面系数(mm^3) | D60: =PI()*D62*D62*D62/32 -> 50265.482 | E60: 圆形截面
C61: 抗弯截面系数(mm^3) | D61: =D64*D65*D65/6 -> 41666.667 | E61: 矩形截面
B62: D | C62: 外径（mm） | D62: 80
B63: d | C63: 内径（mm） | D63: 50
B64: b | C64: 宽度（mm） | D64: 100
B65: h | C65: 长度（mm） | D65: 50
B66: 强度条件 | D66: =IF(D57<D68,"合格","不合格！") -> 合格
D67: =IF(D58<D68,"合格","不合格！") -> 合格
C68: 许用弯曲应力 | D68: 300 | E68: 屈服强度/安全系数
B70: 说明： | C70: 绿色单元格是原始参数需填入，红色单元格是结果

Sheet 常用材料力学性能

Sheet 七国铝及其合金牌号对照表
D1: 国内外常用铝及铝合金牌号对照表
A3: 类 | C3: 中国 | D3: 美国 | E3: 英国 | F3: 日本 | G3: 法国 | H3: 德国 | I3: 前苏联
A4: 别 | C4: GB | D4: ASTM | E4: BS | F4: JIS | G4: NF | H4: DIN | I4: ГОСТ
A6: 工 | C6: 1A99 | D6: 1199 | H6: A199.99R | I6: A99
A7: 业 | C7: 1A97 | H7: A199.98R | I7: A97
A8: 纯 | C8: 1A95 | I8: A95
A9: 铝 | C9: 1A80 | E9: 1080(1A) | F9: 1080 | G9: 1080A | H9: A199.90 | I9: A8
C10: 1A50 | D10: 1050 | E10: 1050(1B) | F10: 1050 | G10: 1050A | H10: A199.50 | I10: A5
A12: 防 | C12: 5A02 | D12: 5052 | E12: NS4 | F12: 5052 | G12: 5052 | H12: A1Mg2.5 | I12: Amg
A13: 锈 | C13: 5A03 | E13: NS5 | I13: AMg3
A14: 铝 | C14: 5A05 | D14: 5056 | E14: NB6 | F14: 5056 | H14: A1Mg5 | I14: AMg5V
C15: 5A30 | D15: 5456 | E15: NG61 | F15: 5556 | G15: 5957
C17: 2A01 | D17: 2036 | F17: 2117 | G17: 2117 | H17: AlCu2.5Mg0.5 | I17: D18
A18: 硬 | C18: 2A11 | E18: HF15 | F18: 2017 | G18: 2017S | H18: AlCuMg1 | I18: D1
A19: 铝 | C19: 2A12 | D19: 2124 | F19: 2024 | G19: 2024 | H19: AlCuMg2 | I19: D16AVTV
C20: 2B16 | D20: 2319
A22: 锻 | C22: 2A80 | F22: 2N01 | I22: AK4
C23: 2A90 | D23: 2218 | F23: 2018 | I23: AK2
A24: 铝 | C24: 2A14 | D24: 2014 | F24: 2014 | G24: 2014 | H24: AlCuSiMn | I24: AK8
A26: 超硬铝 | C26: 7A09 | D26: 7175 | F26: 7075 | G26: 7075 | H26: AlZnMgCu1.5 | I26: V95P
C28: ZAlSi7Mn | D28: 356.2 | E28: LM25 | F28: AC4C | H28: G-AlSi7Mg
A29: 铸 | C29: ZAlSi12 | D29: 413.2 | E29: LM6 | F29: AC3A | G29: A-S12-Y4 | H29: G-Al12 | I29: AL2
A30: 造 | C30: ZAlSi5Cu1Mg | D30: 355.2 | I30: AL5
A31: 铝 | C31: ZAlSi2Cu2Mg1 | D31: 413.0 | F31: AC8A | H31: G-Al12(Cu)
A32: 合 | C32: ZAlCu5Mn | I32: AL19
A33: 金 | C33: ZAlCu5MnCdVA | D33: 201.0
C34: ZAlMg10 | D34: 520.2 | E34: LM10 | G34: AG11 | H34: G-AlMg10 | I34: AL8
C35: ZAlMg5Si | H35: G-AlMg5Si | I35: AL13
E38: By:Jeffrey Lee Mar.16,2000

Sheet 气缸与系统选型指南
A1: 气缸与系统选型指南
A2: 由于多少会因使用条件而异，因此请最多当作是大致标准 | J2: 输入数值 | L2: 计算结果 | N2: 注意事项
A3: SETP-1 | C3: 确认使用条件
A4: ① | B4: 负荷质量M | C4: 40 | D4: kg
A5: ② | B5: 行程St | C5: 500 | D5: mm
A6: ③ | B6: 移动时间T | C6: 2 | D6: s
A7: ④ | B7: 气缸平均速度V0 | C7: =C5/(C6*1000) -> 0.25 | D7: m/s | E7: =C5/C6 -> 250 | F7: mm/s | G7: V0=St/(T×1000)
A8: ⑤ | B8: 使用压力P | C8: 0.6 | D8: Mpa
A9: ⑥ | B9: 安装方法・方向 | C9: 滑动摩擦 | D9: 摩擦系数μ | E9: =VLOOKUP(C9,[7]系数表!$A$2:$B$4,2,0) -> 0.3
A10: SETP-2 | C10: 选择大致的气缸尺寸
A11: ① | B11: 请根据活塞速度设定负荷率 | D11: 0.5
A12: 1) | B12: 对于阻性负载，如气缸用作气动夹具，负载不产生惯性力，一般选取负载率为0.8；
A13: 2) | B13: 对于惯性负载，如气缸用来推送工件，负载将产生惯性力，负载率β的取值如下:
B14: 气缸速度<100mm/s时，β≤65%
B15: 气缸速度100-500mm/s时，β≤50%
B16: 气缸速度>500mm/s时，β≤30%
A17: ② | B17: 请计算所需气缸推力
C18: = | D18: =1.25*9.8*C4*E9/D11 -> 294 | E18: N
B19: 其中常量1.25是安全系数
A20: ② | B20: 请求出缸径(无杆腔)。
C21: = | D21: =CEILING(SQRT(D18/(0.25*C8*PI())),1) -> 25 | E21: mm
A22: ④ | B22: 选择气缸
B23: 缸径 | D23: 32 | E23: mm
B24: 推力F1(N) | D24: =C8*(VLOOKUP(D23,[7]气缸规格表!A3:C13,3,0)) -> 482.4 | E24: N
B25: 拉力F2(N) | D25: =C8*(VLOOKUP(D23,[7]气缸规格表!A17:C26,3,0)) -> 414.6 | E25: N
A26: 注意：通常普通气缸的行程都会有+/-1mm 的误差，所以在需要精确定位的
A27: 时候，需要选择气缸行程大于需要行程而在定位处加设限位装置。

Sheet 气缸推力计算
A1: 无杆侧 | F1: 有杆侧
A2: 气压(MPa) | B2: 缸径(mm) | C2: 效率(η) | D2: 推力(N) | E2: 推力(Kg) | F2: 气压(MPa) | G2: 缸径(mm) | H2: 杆径(mm) | I2: 效率(η) | J2: 推力(N) | K2: 推力(Kg)
A3: 0.5 | B3: 10 | C3: 0.6 | D3: =A3*1000000/4*3.14*(B3/1000)*(B3/1000)*C3 -> 23.55 | E3: =D3/9.8 -> 2.4030612 | F3: 0.5 | G3: 40 | H3: 8 | I3: 0.6 | J3: =F3*1000000/4*3.14*((G3/1000)*(G3/1000)-(H3/1000)*(H3/1000))*I3 -> 361.728 | K3: =J3/9.8 -> 36.91102
A4: 0.6 | B4: 20 | C4: 1 | D4: =A4*1000000/4*3.14*(B4/1000)*(B4/1000)*C4 -> 188.4 | E4: =D4/9.8 -> 19.22449 | F4: 0.5 | G4: 25 | H4: 10 | I4: 0.6 | J4: =F4*1000000/4*3.14*((G4/1000)*(G4/1000)-(H4/1000)*(H4/1000))*I4 -> 123.6375 | K4: =J4/9.8 -> 12.616071
A5: 0.5 | B5: 32 | C5: 0.6 | D5: =A5*1000000/4*3.14*(B5/1000)*(B5/1000)*C5 -> 241.152 | E5: =D5/9.8 -> 24.607347 | F5: 0.5 | G5: 32 | H5: 12 | I5: 0.6 | J5: =F5*1000000/4*3.14*((G5/1000)*(G5/1000)-(H5/1000)*(H5/1000))*I5 -> 207.24 | K5: =J5/9.8 -> 21.146939
A6: 0.5 | B6: 40 | C6: 0.8 | D6: =A6*1000000/4*3.14*(B6/1000)*(B6/1000)*C6 -> 502.4 | E6: =D6/9.8 -> 51.265306 | F6: 5.6 | G6: 40 | H6: 16 | I6: 1 | J6: =F6*1000000/4*3.14*((G6/1000)*(G6/1000)-(H6/1000)*(H6/1000))*I6 -> 5908.224 | K6: =J6/9.8 -> 602.88
A7: 0.5 | B7: 50 | C7: 0.5 | D7: =A7*1000000/4*3.14*(B7/1000)*(B7/1000)*C7 -> 490.625 | E7: =D7/9.8 -> 50.063776 | F7: 0.5 | G7: 50 | H7: 20 | I7: 0.5 | J7: =F7*1000000/4*3.14*((G7/1000)*(G7/1000)-(H7/1000)*(H7/1000))*I7 -> 412.125 | K7: =J7/9.8 -> 42.053571
A8: 0.5 | B8: 63 | C8: 0.8 | D8: =A8*1000000/4*3.14*(B8/1000)*(B8/1000)*C8 -> 1246.266 | E8: =D8/9.8 -> 127.17 | F8: 0.5 | G8: 63 | H8: 20 | I8: 0.6 | J8: =F8*1000000/4*3.14*((G8/1000)*(G8/1000)-(H8/1000)*(H8/1000))*I8 -> 840.4995 | K8: =J8/9.8 -> 85.765255
A9: 0.6 | B9: 80 | C9: 0.7 | D9: =A9*1000000/4*3.14*(B9/1000)*(B9/1000)*C9 -> 2110.08 | E9: =D9/9.8 -> 215.31429 | F9: 0.5 | G9: 80 | H9: 25 | I9: 0.7 | J9: =F9*1000000/4*3.14*((G9/1000)*(G9/1000)-(H9/1000)*(H9/1000))*I9 -> 1586.6813 | K9: =J9/9.8 -> 161.90625
A10: 0.5 | B10: 100 | C10: 0.9 | D10: =A10*1000000/4*3.14*(B10/1000)*(B10/1000)*C10 -> 3532.5 | E10: =D10/9.8 -> 360.45918 | F10: 0.5 | G10: 100 | H10: 30 | I10: 0.9 | J10: =F10*1000000/4*3.14*((G10/1000)*(G10/1000)-(H10/1000)*(H10/1000))*I10 -> 3214.575 | K10: =J10/9.8 -> 328.01786
A11: 0.5 | B11: 125 | C11: 0.6 | D11: =A11*1000000/4*3.14*(B11/1000)*(B11/1000)*C11 -> 3679.6875 | E11: =D11/9.8 -> 375.47832 | F11: 0.5 | G11: 125 | H11: 36 | I11: 0.6 | J11: =F11*1000000/4*3.14*((G11/1000)*(G11/1000)-(H11/1000)*(H11/1000))*I11 -> 3374.4795 | K11: =J11/9.8 -> 344.33464

Sheet 真空元件的选定 
A1: 真空用元件的选定
A2: 1、吸盘的选定
A3: 吸盘的理论吸吊力是吸盘内的真空度p与吸盘的有效吸着面积A的乘积。
A4: 使用n个同一直径的吸盘吸吊物体，其吸盘直径D可按下式选定。 | I4: 标准吸盘直径mm
I5: 2
I6: 4
A7: 式中: | B7: D--吸盘直径，mm | I7: 6
B8: W--吸吊物重力，N | I8: 8
B9: t--安全系数，水平吊，t≥4；垂直吊，t≥8。 | I9: 10
B10: p--吸盘内的真空度,MP。 | I10: 13
A11: SETP-1 | B11: 确认使用条件 | I11: 16
A12: ① | B12: 物体质量M | C12: 20 | D12: kg = | E12: =C12*9.8 -> 196 | F12: N | I12: 20
A13: ② | B13: 安全系统t | C13: 4 | I13: 25
A14: ③ | B14: 吸盘个数n | C14: 4 | I14: 32
A15: ④ | B15: 真空度p | C15: 0.06 | D15: Mpa | E15: （预设） | I15: 40
A16: SETP-2 | B16: 选择大致的吸盘尺寸 | I16: 50
A17: ① | B17: 请求出吸盘直径D | C17: =ROUND(SQRT(4*E12*C13/PI()/C14/C15),0) -> 64 | D17: mm | I17: 63
A18: ② | B18: 根据样本选择吸盘直径D | C18: =VLOOKUP(C17,I5:I20,1,TRUE) -> 63 | D18: mm | I18: 80
A19: SETP-3 | B19: 吸吊时所需真空度 | I19: 100
B20: p | C20: =ROUND(4*E12*C13/PI()/C18/C18/C14,3) -> 0.063 | D20: Mpa | I20: 125
A22: 2、真空发生器及真空切换阀的选定
A23: SETP-1 | B23: 求吸着响应时间T
B24: 吸着响应时间是指从供给阀（或真空切换阀）换向开始，到吸盘内达到吸着工件所必须的真空
A25: 度为止所需的时间。
B26: 供给阀(或真空切换阀)换向后，吸盘内的真空度跟达到时间的关系如下图所示
A42: ① | B42: 按照产品样本，预选真空发生器能提供的最大真空度为:
B43: Pmax= | C43: 88 | D43: Kpa= | E43: =C43/1000 -> 0.088 | F43: Mpa
B44: p/pmax= | C44: =ROUND(C20/E43,2) -> 0.72 | D44: (根据上图，查出相应时间)
A45: ② | B45: 按上图，查得
B46: T= | C46: 1.41 | D46: T1=1s | E46: (一般要求响应时间T≤1s)
A47: SETP-2 | B47: 求真空发生器(或真空切换阀)的平均吸入流量
B48: 设吸盘内的压力从大气压降至真空度达63%pv的到达时间为T1，降至真空度达95%pv的到达时间
A49: 为T2,有
B50: T1=60V/Q | C50: T2=3T1
A51: 式中: | B51: T1(或T2)--吸着响应时间，s；
B52: V--真空发生器(或真空切换阀)至吸盘的配管容积，L；
D54: 气管
B55: d--配管的内经，mm | D55: 外径（mm） | E55: 4 | F55: 4 | G55: 6 | H55: 8 | I55: 10 | J55: 10 | K55: 12 | L55: 12
B56: l--配管的长得，m | D56: 内径（mm） | E56: 2 | F56: 2.5 | G56: 4 | H56: 6 | I56: 7.5 | J56: 8 | K56: 9 | L56: 10
B58: 配管内经d | C58: 4 | D58: mm
B59: 配管长度l | C59: 1 | D59: m
B60: 配管容积V | C60: 0.1 | D60: L
B61: 平均吸入流量 Q | C61: =C46*60*C60/1 -> 8.46 | D61: L/min
A62: SETP-3 | B62: 求真空发生器(或真空切换阀)的最大吸入流量
B63: 最大吸入流量 Qmax | C63: =2*C61 -> 16.92 | D63: L/min
A64: 可以选择真空发生器的指标是： | C64: 最大真空度能达到 | E64: =C43 -> 88 | F64: Kpa
C65: 最大吸入流量能达到 | E65: =C61 -> 8.46 | F65: L/min
A66: SETP-4 | B66: 根据样本选择真空发生器
A67: 真空发生器的最大吸入流量为 | C67: 29 | D67: L/min
B68: 实际响应时间 | C68: =C46*60*C60/C67 -> 0.29172414 | D68: s
A69: SETP-5 | B69: 校核
B70: 根据右图，连接管的有效截面积为 | D70: 6.7 | E70: mm2
B71: 通过配管的平均吸入流量为 | D71: =11.1*6.7/2 -> 37.185 | E71: L/min
B72: 是否合格 | D72: (合格绿色，不合格红色)
A73: 最后对于其他附件的选择就比较容易了， 以下说明 3 条基本原则， 满足即可：
B74: a.供给阀的有效面积 S 不得小于真空发生器喷嘴几何面积的４倍；
B75: b.真空发生器供气管内径不宜小于喷嘴直径的４倍；
B76: c.真空过滤器的吸入流量应比真空发生器最大流量大.

Sheet 内齿轮传动计算及插齿刀验算
A1: 内齿轮传动计算及插齿刀验算 | H1: 编号： | I1: 15 | J1: 8044*
A2: 说明：本程序适用于高变位、角变位和非变位直齿、斜齿内啮合渐开线圆柱齿轮传动的设计计算。公差数值是按照
A3: 法向模数 1 至 10 毫米，分度圆直径 800 毫米以下，精度等级 3、4、5、6、7、8 级设定的。可进行几何参
A4: 数计算、传动质量指标的验算。
A5: 引用标准：GB 10095--88 渐开线圆柱齿轮 精度
A6: 主要参考书目：《齿轮手册》 上、下册， 《机床设计手册》 2 上册， 《齿轮刀具设计理论基础》 上册
G7: 程序设计： 邓时俊 2002.05
A8: 注意：本程序有“单变量求解”，应从工具--选项--重新计算中设置反复操作，最多迭代次数10000，最大误差0.00001。
A9: 说明：请在兰色框中输入已定或初定数据（黄色框中为判断或参考数据）。输出数据在最后列表，可单独打印。
A10: 产品型号： | E10: 订 货 号： | G10: 10026
A11: 零件件号： | B11: ① | C11: 30201 | D11: （外齿轮） | F11: ② | G11: 30202 | H11: （内齿轮）
A12: 计 算 人 ： | E12: 计算日期：
A13: 外 齿 轮 旋 向 | B13: =IF(C13="L","左旋",IF(C13="R","右旋","直齿")) -> 左旋 | C13: L | D13: =IF(OR(C13="",C13="L",C13="R"),"","错误！") | E13: 注：左旋输入 L，右旋输入 R，直齿不输入。
A14: 内 齿 轮 旋 向 | B14: =IF(C14="L","左旋",IF(C14="R","右旋","直齿")) -> 左旋 | C14: =IF(C13="","",C13) -> L
A15: 外 齿 轮 齿 数 | B15: Z1 | C15: 19
A16: 内 齿 轮 齿 数 | B16: Z2 | C16: 36 | D16: =IF(C16="","",IF(C16<=C15,"错误！",""))
A17: 法 向 模 数 | B17: m n | C17: 3 | D17: 毫米 | G17: =C17 -> 3
A18: 法 向 压 力 角 | B18: αn | D18: =IF(C18="","注：如不输入，则默认 αn = 20 度","度") -> 注：如不输入，则默认 αn = 20 度
A19: 分度圆柱螺旋角 | B19: βf | D19: 度 | F19: 分 | H19: 秒 | I19: 注：也可以小数点输入“度”，此时“分”、“秒”不输入。
C20: =C19+E19/60+G19/3600 -> 0 | D20: 度
A21: 有 效 齿 宽 | B21: b | C21: 30 | D21: 毫米 | G21: =C21 -> 30
A22: 公法线长度能否测量？ | D22: =IF(C21>C181*SIN(C140)+5*COS(C140),"外齿轮可以测量，","外齿轮不能测量！") -> 外齿轮可以测量， | E22: =IF(C21>G181*SIN(C140)+5*COS(C140),"内齿轮可以测量。","内齿轮不能测量！") -> 内齿轮可以测量。
A23: 齿 顶 高 系 数 | B23: ha* | D23: 注：如不输入，则默认 ha* = 1
C24: =IF(C23="",1,C23) -> 1
A25: 齿顶倒棱系数 | B25: hd*
A26: 顶 隙 系 数 | B26: c* | D26: 注：如不输入，则默认 c* = 0.25
C27: =IF(C26="",0.25,C26) -> 0.25
A28: 标 准 中 心 距 | B28: a0 | C28: =ROUND(C143,4) -> 25.5 | D28: 毫米
A29: 径向变位系数 | B29: x10 | E29: =IF(C29="","",IF(C29<C222,"根切！x1不能小于","")) | F29: =IF(E29="","",C222)
A30: （初选值） | B30: x20 | D30: =IF(E34<0,"？","") | E30: =IF(E34<0," 内齿轮变位系数应≥","") | G30: =IF(E34<0,G34,"")
B31: =IF(AND(C29=0,C30=0),"",IF(ROUND(C34,4)<>ROUND(C33,4),"单变量求解计算：",""))
B32: =IF(AND(C29=0,C30=0),"",IF(ROUND(C34,4)<>ROUND(C33,4),"可变格","")) | C32: 0.30261395
B33: =IF(AND(C29=0,C30=0),"",IF(ROUND(C34,4)<>ROUND(C33,4),"目标格","")) | C33: =TAN(C32)-C32-E34 -> -0.0053156838 | G33: =C29-E136*(C16-C15)/(2*TAN(C136)) -> -0.34807039
B34: =IF(AND(C29=0,C30=0),"",IF(ROUND(C34,4)<>ROUND(C33,4),"目标值","")) | C34: =IF(AND(C29=0,C30=0),"",0) | E34: =E136+2*(C30-C29)*TAN(C136)/(C16-C15) -> 0.014904384 | F34: INVαt' | G34: =IF(G33>0,ROUNDUP(G33,4),ROUNDDOWN(G33,4)) -> -0.348
A35: 计 算 中 心 距 | B35: a0' | C35: =IF(B31<>"","",ROUND(E35,4)) -> 25.5 | D35: 毫米 | E35: =IF(AND(C29=0,C30=0),C28,C145*(C16-C15)/2*COS(C136)/COS(C32)) -> 25.5
A36: 实 际 中 心 距 | B36: a | C36: 26 | D36: =IF(OR(B31<>"",C36=""),"",IF(C36<=0,"错误！",IF(C143/C144*COS(C136)>1,"？","毫米"))) -> 毫米 | E36: =IF(C36=0,"不输入则默认a0'。",IF(C143/C144*COS(C136)>1,"中心距应加大至","")) | F36: =IF(E36="中心距应加大至",ROUNDUP(C143*COS(C136),2),"") | G36: =IF(F36="","","毫米以上")
A37: 端面总变位系数 | B37: x tΣ | C37: =IF(B31<>"","",IF(C143/C144*COS(C136)>1,"？",ROUND(C154,4))) -> 0.1782
A38: 法向总变位系数 | B38: x nΣ | C38: =IF(B31<>"","",ROUND(C37/COS(C137),4)) -> 0.1782
A39: 径向变位系数 | B39: x1 | E39: =IF(E40<C222,"根切！x1不能小于","") | F39: =IF(E39="","",C222)
A40: =IF(C39<>"","","或 径向变位系数") -> 或 径向变位系数 | B40: =IF(C39<>"","","xn1") -> xn1 | C40: 0.8 | D40: =IF(AND(C39<>"",C40<>""),"取消！","") | E40: =IF(C39<>"",C39,C40*COS(C137)) -> 0.8 | F40: x1
B41: =IF(C39<>"","x2","xn2") -> xn2 | C41: =IF(B31<>"","",IF(C39<>"",C37+C39,C38+C40)) -> 0.9782
A42: 内齿轮齿顶圆直径计算值 | B42: da0 | C42: =IF(2*C144+C170+2*C27*C17<G148,ROUND(G148,3),ROUND(2*C144+C170+2*C27*C17,3)) -> 107.8 | D42: 毫米
A43: 内齿轮齿顶圆直径实际值 | B43: da | D43: 毫米 | E43: =IF(C43="","注: 如不输入则默认计算值",IF(C213>1,"注: 内齿轮齿顶圆直径过大!",IF(C43<G148,"注:内齿轮齿顶圆直径过小!",""))) -> 注: 如不输入则默认计算值
A44: 第Ⅰ公差组精度等级 | C44: 7 | D44: =IF(OR(C44=0,C44=3,C44=4,C44=5,C44=6,C44=7,C44=8),"","错误！") | E44: =C44 -> 7 | G44: =C44 -> 7
A45: 第Ⅱ公差组精度等级 | C45: 7 | D45: =IF(OR(C45=0,C45=3,C45=4,C45=5,C45=6,C45=7,C45=8),"","错误！") | E45: =C45 -> 7 | G45: =C45 -> 7
A46: 第Ⅲ公差组精度等级 | C46: 7 | D46: =IF(OR(C46=0,C46=3,C46=4,C46=5,C46=6,C46=7,C46=8),"","错误！") | E46: =C46 -> 7 | G46: =C46 -> 7
A47: 箱体材料代码 | C47: A | D47: =IF(OR(C47=0,C47="C",C47="S",C47="A"),"","错误！") | E47: 注：铸铁—C （或不输入）， 钢—S， 铝（镁）合金—A （齿轮副材料—钢）"
A48: 齿轮副设计温度 | C48: 100 | D48: ° C | E48: 注：如不输入，则默认齿轮副温度为 80° C
A49: 箱体设计温度 | C49: 80 | D49: ° C | E49: 注：如不输入，则默认箱体温度为 60° C
A50: 齿厚极限偏差种类代码 | B50: 推荐 | C50: 实际选取 | E50: 注：齿厚极限偏差共14 种，越往后间隙越大：C=+fpt，D=0，E=-2fpt，F=-4fpt，
A51: 外齿轮齿厚上偏差 | B51: =IF(OR(C44=0,C45=0,C46=0),"",D399) -> E | C51: F | D51: =IF(AND(C51<>"",OR(C44=0,C45=0,C46=0,C58<>"")),"取消！",IF(OR(C51="",C51="C",C51="D",C51="E",C51="F",C51="G",C51="H",C51="J",C51="K",C51="L",C51="M",C51="N",C51="P",C51="R",C51="S"),"","错误！")) | E51: G，H，J，K，L，M，N，P，R=-40fpt，S=-50fpt （单位：微米）
A52: 外齿轮齿厚下偏差 | B52: =IF(OR(C44=0,C45=0,C46=0),"",D400) -> H | C52: K | D52: =IF(AND(C52<>"",OR(C44=0,C45=0,C46=0,C59<>"")),"取消！",IF(OR(C52="",C52="C",C52="D",C52="E",C52="F",C52="G",C52="H",C52="J",C52="K",C52="L",C52="M",C52="N",C52="P",C52="R",C52="S"),"","错误！")) | E52: =IF(OR(C58<>"",C59<>"",C60<>"",C61<>""),"","注：各偏差如不输入“实际选取”，则默认“推荐”种类。") -> 注：各偏差如不输入“实际选取”，则默认“推荐”种类。
A53: 内齿轮齿厚上偏差 | B53: =IF(OR(C44=0,C45=0,C46=0),"",D401) -> F | C53: G | D53: =IF(AND(C53<>"",OR(C44=0,C45=0,C46=0,C60<>"")),"取消！",IF(OR(C53="",C53="C",C53="D",C53="E",C53="F",C53="G",C53="H",C53="J",C53="K",C53="L",C53="M",C53="N",C53="P",C53="R",C53="S"),"","错误！"))
A54: 内齿轮齿厚下偏差 | B54: =IF(OR(C44=0,C45=0,C46=0),"",D402) -> J | C54: J | D54: =IF(AND(C54<>"",OR(C44=0,C45=0,C46=0,C61<>"")),"取消！",IF(OR(C54="",C54="C",C54="D",C54="E",C54="F",C54="G",C54="H",C54="J",C54="K",C54="L",C54="M",C54="N",C54="P",C54="R",C54="S"),"","错误！"))
A55: 最小法向侧隙 | B55: =IF(OR(C44=0,C45=0,C46=0),"",C403/1000) -> 0.084 | C55: =IF(OR(C44="",C45="",C46="",C51="",C52="",C54="",C54=""),"",C407/1000) -> 0.14 | D55: 毫米
A56: 最大法向侧隙 | B56: =IF(OR(C44=0,C45=0,C46=0),"",C404/1000) -> 0.252 | C56: =IF(OR(C44="",C45="",C46="",C51="",C52="",C54="",C54=""),"",C408/1000) -> 0.308 | D56: 毫米 | E56: 注：如果侧隙不合适，可重新选择齿厚极限偏差种类。
A57: 说明：如在下面输入齿厚上、下偏差的具体数值，则不认齿厚上、下偏差种类代码。
A58: 外齿轮齿厚上偏差 | B58: Ess1 | D58: 毫米
A59: 外齿轮齿厚下偏差 | B59: Esi1 | D59: 毫米
A60: 内齿轮齿厚上偏差 | B60: Ess2 | D60: 毫米
A61: 内齿轮齿厚下偏差 | B61: Esi2 | D61: 毫米
A62: 最小法向侧隙 | B62: jnmin | C62: =IF(OR(C58="",C59="",C60="",C61=""),"",ABS(C58+C60)) | D62: 毫米
A63: 最大法向侧隙 | B63: jnmax | C63: =IF(OR(C58="",C59="",C60="",C61=""),"",ABS(C59+C61)) | D63: 毫米
A64: 跨棒距测量： | C64: 外齿轮 | G64: 内齿轮
A65: 跨棒距测量棒（球）直径： | C65: 注：如不输入圆棒（球）直径实际值，则默认其参考值。
A66: 圆棒（球）直径参考值 | B66: dp10 | C66: =ROUND(C199,2) -> 6.82 | D66: 毫米 | F66: dp20 | G66: =ROUND(G199,2) -> 5.03 | H66: 毫米
A67: 圆棒（球）直径实际值 | B67: dp1 | C67: 7 | D67: 毫米 | F67: dp2 | G67: 5 | H67: 毫米
B68: =IF(C67=0,"",IF(ROUND(C71,4)<>ROUND(C70,4),"单变量求解计算：","")) | F68: =IF(G67=0,"",IF(ROUND(G71,4)<>ROUND(G70,4),"单变量求解计算：",""))
B69: =IF(C67=0,"",IF(ROUND(C71,4)<>ROUND(C70,4),"可变格","")) | C69: 0.61933252 | F69: =IF(G67=0,"",IF(ROUND(G71,4)<>ROUND(G70,4),"可变格","")) | G69: 0.43203128
B70: =IF(C67=0,"",IF(ROUND(C71,4)<>ROUND(C70,4),"目标格","")) | C70: =TAN(C69)-C69-C201 -> -2.212631e-07 | F70: =IF(G67=0,"",IF(ROUND(G71,4)<>ROUND(G70,4),"目标格","")) | G70: =TAN(G69)-G69-G201 -> -5.8765721e-08
B71: =IF(C67=0,"",IF(ROUND(C71,4)<>ROUND(C70,4),"目标值","")) | C71: =IF(C67=0,"",0) -> 0 | F71: =IF(G67=0,"",IF(ROUND(G71,4)<>ROUND(G70,4),"目标值","")) | G71: =IF(G67=0,"",0) -> 0
A72: 传动质量指标的验算：
A73: 小轮齿顶变尖 | C73: =IF(OR(C85="无标准插齿刀可选！",G86="",F95<>""),"",D219) -> 齿顶未变尖 | G73: =IF(OR(C85="无标准插齿刀可选！",G86="",F95<>""),"",H219) -> 齿顶未变尖
C74: =IF(OR(G108="",F111<>"",H111<>""),"",D220) -> 齿顶未变尖 | G74: =IF(OR(G108="",F111<>"",H111<>""),"",H220) -> 齿顶未变尖
A75: 齿廓重叠干涉 | G75: =IF(OR(C85="无标准插齿刀可选！",G86="",F95<>""),"",IF(C144=0,"",G217)) -> 不发生重叠干涉
G76: =IF(OR(G108="",F111<>"",H111<>""),"",IF(C144=0,"",G218)) -> 不发生重叠干涉
A77: 齿顶非渐开线干涉 | G77: =IF(OR(C85="无标准插齿刀可选！",G86="",F95<>""),"",IF(C144=0,"",J218)) -> 不发生齿顶非渐开线干涉
G78: =IF(OR(G108="",F111<>"",H111<>""),"",IF(C144=0,"",J219)) -> 不发生齿顶非渐开线干涉
A79: 重 合 度 | B79: ε总 | C79: =IF(OR(C85="无标准插齿刀可选！",G86="",F95<>""),"",IF(C144=0,"",C211)) -> 1.348 | D79: ε纵向 | E79: =IF(OR(C85="无标准插齿刀可选！",G86="",F95<>""),"",IF(C144=0,"",C208)) -> 1.348 | F79: ε端面 | G79: =IF(OR(C85="无标准插齿刀可选！",G86="",F95<>""),"",IF(C144=0,"",C210)) -> 0
C80: =IF(OR(G108="",F111<>"",H111<>""),"",IF(C144=0,"",C212)) -> 1.349 | E80: =IF(OR(G108="",F111<>"",H111<>""),"",IF(C144=0,"",C209)) -> 1.349 | G80: =IF(OR(G108="",F111<>"",H111<>""),"",IF(C144=0,"",C210)) -> 0
A81: 齿条形刀具切齿验算：
A82: =IF(C144=0,"","齿根过渡曲线干涉") -> 齿根过渡曲线干涉 | C82: =IF(OR(G108="",F111<>"",H111<>""),"",IF(C144=0,"",D245)) -> 不发生干涉
A83: 根 切 | C83: =IF(OR(G108="",F111<>"",H111<>""),"",D222) -> 不根切
A84: 圆盘插齿刀插齿验算：
A85: 常用标准插齿刀 | C85: =IF(OR(C20<>0,C24<>1,C27<>0.25,DEGREES(C134)<>20,AND(D85="*",E85="*",F85="*",G85="*",H85="*",I85="*")),"无标准插齿刀可选！","按后面的数据选取：") -> 按后面的数据选取： | D85: =IF(OR(C20<>0,C24<>1,C27<>0.25,G146-C17<25),"*",IF(OR(C17=1,C17=1.25,C17=1.5,C17=1.75,C17=2,C17=2.25,C17=2.5,C17=2.75),25,"*")) -> * | E85: =IF(OR(C20<>0,C24<>1,C27<>0.25,G146-C17<25),"*",IF(OR(C17=1,C17=1.25,C17=1.5,C17=1.75,C17=2,C17=2.25,C17=2.5,C17=2.75,C17=3,C17=3.25,C17=3.5,C17=3.75),38,"*")) -> 38 | F85: =IF(OR(C20<>0,C24<>1,C27<>0.25,G146-C17<25),"*",IF(OR(C17=1,C17=1.25,C17=1.5,C17=1.75,C17=2,C17=2.25,C17=2.5,C17=2.75,C17=3,C17=3.25,C17=3.5),50,"*")) -> 50 | G85: =IF(OR(C20<>0,C24<>1,C27<>0.25,G146-C17<25),"*",IF(OR(C17=1,C17=1.25,C17=1.5,C17=1.75,C17=2,C17=2.25,C17=2.5,C17=2.75,C17=3,C17=3.25,C17=3.5,C17=3.75,C17=4),75,"*")) -> 75 | H85: =IF(OR(C20<>0,C24<>1,C27<>0.25,G146-C17<25),"*",IF(OR(C17=1,C17=1.25,C17=1.5,C17=1.75,C17=2,C17=2.25,C17=2.5,C17=2.75,C17=3,C17=3.25,C17=3.5,C17=3.75,C17=4,C17=4.5,C17=5,C17=5.5,C17=6),100,"*")) -> 100 | I85: =IF(OR(C20<>0,C24<>1,C27<>0.25,G146-C17<25),"*",IF(OR(C17=4,C17=4.5,C17=5,C17=5.5,C17=6,C17=6.5,C17=7,C17=8),125,"*")) -> *
A86: 插齿刀公称分度圆直径 | G86: 50 | H86: =IF(AND(D85="*",E85="*",F85="*",G85="*",H85="*",I85="*",G86<>""),"取消！",IF(OR(C20<>0,C17>8,C17<1,AND(D85="*",E85="*",F85="*",G85="*",H85="*",I85="*")),"",IF(OR(G86=E85,G86=F85,G86=G85,G86=H85,G86=I85),"毫米",IF(G86="","注：如不输入，则默认以上较小直径插齿刀","错误！")))) -> 毫米
G87: =IF(G86<>"",G86,IF(AND(G86=0,D85<>"*"),D85,IF(AND(G86=0,D85="*",E85<>"*"),E85,IF(AND(G86=0,D85="*",E85="*",F85<>"*"),F85,IF(AND(G86=0,D85="*",E85="*",F85="*",G85<>"*"),G85,IF(AND(G86=0,D85="*",E85="*",F85="*",G85="*",H85<>"*"),H85,I85)))))) -> 50
A88: 插 齿 刀 齿 数 | B88: Z 0 | G88: =IF(C85="无标准插齿刀可选！","",G253) -> 17
A89: 插齿刀齿顶高系数 | B89: ha0* | G89: =IF(C85="无标准插齿刀可选！","",G257) -> 1.25
A90: 基本截面齿顶圆直径 | G90: =IF(C85="无标准插齿刀可选！","",ROUND(G261,2)) -> 58.49 | H90: =IF(C85="无标准插齿刀可选！","","毫米") -> 毫米
A91: 新插齿刀齿顶圆直径 | B91: d a0 | G91: =IF(C85="无标准插齿刀可选！","",E250) -> 59.1 | H91: =IF(C85="无标准插齿刀可选！","","毫米") -> 毫米
A92: 插齿刀实际齿顶圆直径 | B92: d a0' | H92: =IF(AND(C85="无标准插齿刀可选！",G92<>""),"取消！",IF(C85="无标准插齿刀可选！","","毫米")) -> 毫米 | I92: =IF(C85="无标准插齿刀可选！","","注：如不输入,则默认新插齿刀齿顶圆直径。") -> 注：如不输入,则默认新插齿刀齿顶圆直径。
A93: 前面至基本截面距离 | B93: b 0 | G93: =IF(C85="无标准插齿刀可选！","",ROUND(G263,2)) -> 2.9 | H93: =IF(C85="无标准插齿刀可选！","","毫米") -> 毫米 | I93: =IF(G86="","",IF(G93>0,"注：在原始截面前",IF(G93<0,"注：在原始截面后","注：在原始截面上"))) -> 注：在原始截面前
A94: 相应的变位系数 | B94: x 0 | G94: =IF(C85="无标准插齿刀可选！","",ROUND(G93*TAN(G258)/C145,3)) -> 0.102
F95: =IF(C85="无标准插齿刀可选！","",IF(ROUND(G98,4)<>ROUND(G97,4),"单变量求解计算：",""))
F96: =IF(C85="无标准插齿刀可选！","",IF(ROUND(G98,4)<>ROUND(G97,4),"可变格","")) | G96: 0.50715771
F97: =IF(C85="无标准插齿刀可选！","",IF(ROUND(G98,4)<>ROUND(G97,4),"目标格","")) | G97: =TAN(G96)-G96-G286 -> -5.5820849e-09
F98: =IF(C85="无标准插齿刀可选！","",IF(ROUND(G98,4)<>ROUND(G97,4),"目标值","")) | G98: =0 -> 0
A99: =IF(C85="无标准插齿刀可选！","",IF(F95<>"","","径向切入顶切")) -> 径向切入顶切 | G99: =IF(C85="无标准插齿刀可选！","",IF(F95<>"","",H283)) -> 不产生径向切入顶切 | I99: =IF(G99="产生径向切入顶切！","注:应适当加大齿轮变位系数或减少插齿刀公称分度圆直径或改变其它参数","")
F100: =IF(C85="无标准插齿刀可选！","",IF(F95<>"","",ROUND(I283,3))) -> 3.981 | G100: =IF(C85="无标准插齿刀可选！","",IF(F95<>"","","应大于或等于")) -> 应大于或等于 | H100: =IF(C85="无标准插齿刀可选！","",IF(F95<>"","",ROUND(I273,3))) -> 0.867 | I100: =IF(C85="无标准插齿刀可选！","",IF(F95<>"","",IF(F100<H100,"?","")))
...

Sheet 七国钢材牌号对照表
E1: 国内外常用钢钢号对照表
A3: 钢号 | C3: 中国 | D3: 前苏联 | E3: 美国 | F3: 英国 | G3: 日本 | H3: 法国 | I3: 德国
C4: GB | D4: ГОСТ | E4: ASTM | F4: BS | G4: JIS | H4: NF | I4: DIN
C6: 08F | D6: 08КП | E6: 1006 | F6: 040A04 | G6: S09CK | I6: C10
A7: 优 | C7: 08 | D7: 08 | E7: 1008 | F7: 045M10 | G7: S9CK | I7: C10
C8: 10F | E8: 1010 | F8: 040A10 | H8: XC10
C9: 10 | D9: 10 | E9: 1010,1012 | F9: 045M10 | G9: S10C | H9: XC10 | I9: C10,CK10
A10: 质 | C10: 15 | D10: 15 | E10: 1015 | F10: 095M15 | G10: S15C | H10: XC12 | I10: C15,CK15
C11: 20 | D11: 20 | E11: 1020 | F11: 050A20 | G11: S20C | H11: XC18 | I11: C22,CK22
C12: 25 | D12: 25 | E12: 1025 | G12: S25C | I12: CK25
A13: 碳 | C13: 30 | D13: 30 | E13: 1030 | F13: 060A30 | G13: S30C | H13: XC32
C14: 35 | D14: 35 | E14: 1035 | F14: 060A35 | G14: S35C | H14: XC38TS | I14: C35,CK35
C15: 40 | D15: 40 | E15: 1040 | F15: 080A40 | G15: S40C | H15: XC38H1
A16: 素 | C16: 45 | D16: 45 | E16: 1045 | F16: 080M46 | G16: S45C | H16: XC45 | I16: C45,CK45
C17: 50 | D17: 50 | E17: 1050 | F17: 060A52 | G17: S50C | H17: XC48TS | I17: CK53
A18: 结 | C18: 55 | D18: 55 | E18: 1055 | F18: 070M55 | G18: S55C | H18: XC55
C19: 60 | D19: 60 | E19: 1060 | F19: 080A62 | G19: S58C | H19: XC55 | I19: C60,CK60
C20: 15Mn | D20: 15Г | E20: 1016,1115 | F20: 080A17 | G20: SB46 | H20: XC12 | I20: 14Mn4
A21: 构 | C21: 20Mn | D21: 20Г | E21: 1021,1022 | F21: 080A20 | H21: XC18
C22: 30Mn | D22: 30Г | E22: 1030,1033 | F22: 080A32 | G22: S30C | H22: XC32
C23: 40Mn | D23: 40Г | E23: 1036,1040 | F23: 080A40 | G23: S40C | H23: 40M5 | I23: 40Mn4
A24: 钢 | C24: 45Mn | D24: 45Г | E24: 1043,1045 | F24: 080A47 | G24: S45C
C25: 50Mn | D25: 50Г | E25: 1050,1052 | F25: 030A52 | G25: S53C | H25: XC48
F26: 080M50
C28: 20Mn2 | D28: 20Г2 | E28: 1320,1321 | F28: 150M19 | G28: SMn420 | I28: 20Mn5
C29: 30Mn2 | D29: 30Г2 | E29: 1330 | F29: 150M28 | G29: SMn433H | H29: 32M5 | I29: 30Mn5
A30: 合 | C30: 35Mn2 | D30: 35Г2 | E30: 1335 | F30: 150M36 | G30: SMn438(H) | H30: 35M5 | I30: 36Mn5
C31: 40Mn2 | D31: 40Г2 | E31: 1340 | G31: SMn443 | H31: 40M5
C32: 45Mn2 | D32: 45Г2 | E32: 1345 | G32: SMn443 | I32: 46Mn7
A33: 金 | C33: 50Mn2 | D33: 50Г2 | H33: ~55M5
C34: 20MnV | I34: 20MnV6
C35: 35SiMn | D35: 35CГ | F35: En46 | I35: 37MnSi5
A36: 结 | C36: 42SiMn | D36: 35CГ | F36: En46 | I36: 46MnSi4
C37: 40B | E37: TS14B35
C38: 45B | E38: 50B46H
A39: 构 | C39: 40MnB | E39: 50B40
C40: 45MnB | E40: 50B44
C41: 15Cr | D41: 15X | E41: 5115 | F41: 523M15 | G41: SCr415(H) | H41: 12C3 | I41: 15Cr3
A42: 钢 | C42: 20Cr | D42: 20X | E42: 5120 | F42: 527A19 | G42: SCr420H | H42: 18C3 | I42: 20Cr4
C43: 30Cr | D43: 30X | E43: 5130 | F43: 530A30 | G43: SCr430 | I43: 28Cr4
C44: 35Cr | D44: 35X | E44: 5132 | F44: 530A36 | G44: SCr430(H) | H44: 32C4 | I44: 34Cr4
C45: 40Cr | D45: 40X | E45: 5140 | F45: 520M40 | G45: SCr440 | H45: 42C4 | I45: 41Cr4
C46: 45Cr | D46: 45X | E46: 5145,5147 | F46: 534A99 | G46: SCr445 | H46: 45C4
C47: 38CrSi | D47: 38XC
C48: 12CrMo | D48: 12XM | F48: 620CR.B | H48: 12CD4 | I48: 13CrMo44
C49: 15CrMo | D49: 15XM | E49: A-387Cr . B | F49: 1653 | G49: STC42 | H49: 12CD4 | I49: 16CrMo44
G50: STT42
G51: STB42
A52: 合 | C52: 20CrMo | D52: 20XM | E52: 4119,4118 | F52: CDS12 | G52: SCT42 | H52: 18CD4 | I52: 20CrMo44
F53: CDS110 | G53: STT42
G54: STB42
A55: 金 | C55: 25CrMo | E55: 4125 | F55: En20A | H55: 25CD4 | I55: 25CrMo4
C56: 30CrMo | D56: 30XM | E56: 4130 | F56: 1717COS110 | G56: SCM420 | H56: 30CD4
C57: 42CrMo | E57: 4140 | F57: 708A42 | H57: 42CD4 | I57: 42CrMo4
A58: 结 | F58: 708M40
C59: 35CrMo | D59: 35XM | E59: 4135 | F59: 708A37 | G59: SCM3 | H59: 35CD4 | I59: 34CrMo4
C60: 12CrMoV | D60: 12XMΦ
A61: 构 | C61: 12Cr1MoV | D61: 12X1MΦ | I61: 13CrMoV42
C62: 25Cr2Mo1VA | D62: 25X2M1ΦA
C63: 20CrV | D63: 20XΦ | E63: 6120 | I63: 22CrV4
A64: 钢 | C64: 40CrV | D64: 40XΦA | E64: 6140 | I64: 42CrV6
C65: 50CrVA | D65: 50XΦA | E65: 6150 | F65: 735A30 | G65: SUP10 | H65: 50CV4 | I65: 50CrV4
C66: 15CrMn | D66: 15XГ,18XГ
C67: 20CrMn | D67: 20XГCA | E67: 5152 | F67: 527A60 | G67: SUP9
C68: 30CrMnSiA | D68: 30XГCA
C69: 40CrNi | D69: 40XH | E69: 3140H | F69: 640M40 | G69: SNC236 | I69: 40NiCr6
C70: 20CrNi3A | D70: 20XH3A | E70: 3316 | H70: 20NC11 | I70: 20NiCr14
C71: 30CrNi3A | D71: 30XH3A | E71: 3325 | F71: 653M31 | G71: SNC631H | I71: 28NiCr10
E72: 3330 | G72: SNC631
C73: 20MnMoB | E73: 80B20
C74: 38CrMoAlA | D74: 38XMIOA | F74: 905M39 | G74: SACM645 | H74: 40CAD6.12 | I74: 41CrAlMo07
C75: 40CrNiMoA | D75: 40XHMA | E75: 4340 | F75: 871M40 | G75: SNCM439 | I75: 40NiCrMo22
A77: 弹 | C77: 60 | D77: 60 | E77: 1060 | F77: 080A62 | G77: S58C | H77: XC55 | I77: C60
C78: 85 | D78: 85 | E78: C1085 | F78: 080A86 | G78: SUP3
E79: 1084
A80: 簧 | C80: 65Mn | D80: 65Г | E80: 1566
C81: 55Si2Mn | D81: 55C2Г | E81: 9255 | F81: 250A53 | G81: SUP6 | H81: 55S6 | I81: 55Si7
C82: 60Si2MnA | D82: 60C2ГA | E82: 9260 | F82: 250A61 | G82: SUP7 | H82: 61S7 | I82: 65Si7
A83: 钢 | E83: 9260H
C84: 50CrVA | D84: 50XΦA | E84: 6150 | F84: 735A50 | G84: SUP10 | H84: 50CV4 | I84: 50CrV4
A86: 滚 | C86: GCr9 | D86: ШX9 | E86: E51100 | G86: SUJ1 | H86: 100C5 | I86: 105Cr4
A87: 动 | E87: 51100
A88: 轴 | C88: GCr9SiMn | G88: SUJ3
A89: 承 | C89: GCr15 | D89: ШX15 | E89: E52100 | F89: 534A99 | G89: SUJ2 | H89: 100C6 | I89: 100Cr6
A90: 钢 | E90: 52100
C91: GCr15SiMn | D91: ШX15CГ | I91: 100CrMn6
A93: 易 | C93: Y12 | D93: A12 | E93: C1109 | G93: SUM12
A94: 切 | C94: Y15 | E94: B1113 | F94: 220M07 | G94: SUM22 | I94: 10S20
A95: 削 | C95: Y20 | D95: A20 | E95: C1120 | G95: SUM32 | H95: 20F2 | I95: 22S20
A96: 钢 | C96: Y30 | D96: A30 | E96: C1130 | G96: SUM42 | I96: 35S20
C97: Y40Mn | D97: A40Г | E97: C1144 | F97: 225M36 | H97: 45MF2 | I97: 40S20
A99: 耐磨钢 | C99: ZGMn13 | D99: 116Г13Ю | G99: SCMnH11 | H99: Z120M12 | I99: X120Mn12
C101: T7 | D101: y7 | E101: W1-7 | G101: SK7,SK6 | I101: C70W1
A102: 碳 | C102: T8 | D102: y8 | G102: SK6,SK5
A103: 素 | C103: T8A | D103: y8A | E103: W1-0.8C | H103: 1104Y175 | I103: C80W1
A104: 工 | C104: T8Mn | D104: y8Г | G104: SK5
A105: 具 | C105: T10 | D105: y10 | E105: W1-1.0C | F105: D1 | G105: SK3
A106: 钢 | C106: T12 | D106: y12 | E106: W1-1.2C | F106: D1 | G106: SK2 | H106: Y2 120 | I106: C125W
C107: T12A | D107: y12A | E107: W1-1.2C | H107: XC 120 | I107: C125W2
C108: T13 | D108: y13 | G108: SK1 | H108: Y2 140 | I108: C135W
...

Sheet 准双曲面齿轮设计计算
M2: 准双曲面齿轮设计计算
M3: 输入齿轮基本参数
M4: 小轮齿数 | N4: 大轮齿数 | P4: 大轮齿面宽 | R4: 偏置距 | T4: 大轮节径 | V4: 刀盘半径 | X4: 旋向
M5: 16 | N5: 41 | P5: 29.2 | R5: 38.6 | T5: 190.5 | V5: 95.25 | X5: 小轮 | Y5: 大轮
M6: 小轮螺旋角 | N6: 工作齿高系数 | P6: 锥度系数 | R6: 压力角和 | T6: 大轮齿顶高系数 | V6: 齿侧间隙 | X6: 左旋 | Y6: 右旋
M7: 54 | N7: 4 | P7: 0.788532 | R7: 38 | T7: 0.325 | V7: 0.20--0.30 | X7: 偏置 | Y7: 顶系
T8: 计算刀盘半径 | V8: =G19 -> 95.249982 | X8: 下 | Y8: 0.125
M10: 准双曲面齿轮计算结果
M11: 名 称 | P11: 小轮 | Q11: 大轮
M12: 齿数 | P12: =C14 -> 16 | Q12: =C15 -> 41
B13: 勿动区域 | M13: 模数 | Q13: =K48 -> 4.6463415
B14: 1 | C14: =M5 -> 16 | D14: 31 | E14: =C47*(C23-C50) -> -0.0021354281 | F14: 60 | G14: =E34*E46/E42 -> 0.00061003615 | H14: 91 | I14: =G43-G48 -> 4.336431 | J14: 121 | K14: =(C18*I40-I50)/I43 -> 15.515472 | M14: 压力角 | P14: =G38 -> 19
B15: 2 | C15: =N5 -> 41 | D15: 32 | E15: =C16*E14 -> -0.00083333778 | F15: 61 | G15: =E44*E45 -> 5088.5295 | I15: =RADIANS(I14) -> 0.075684999 | J15: 122 | K15: =G25*E35 -> 0.21920465 | M15: 小轮偏置 | P15: =CONCATENATE(X8,R5) -> 下38.6
B16: 3 | C16: =C14/C15 -> 0.3902439 | D16: 33 | E16: =C41-C39*E15 -> 0.3614439 | F16: 62 | G16: =(E44-E45)/G15 -> 0.003149795 | H16: 92 | I16: =SIN(I15) -> 0.075612763 | K16: =POWER(E35,2) -> 0.27430019 | M16: 外锥距 | Q16: =G29 -> 107.52287
B17: 4 | C17: =P5 -> 29.2 | E17: =ASIN(E16) -> 0.36981602 | F17: 63 | G17: =E50+G14+G16 -> 0.0085805604 | H17: 93 | I17: =G46+G30*G50 -> 2.771889 | J17: 123 | K17: =(K16-K15)/(1+K15) -> 0.045189732 | M17: 齿顶高 | Q17: =I17 -> 2.771889
B18: 5 | C18: =R5 -> 38.6 | D18: 34 | E18: =TAN(E17) -> 0.38765152 | F18: 64 | G18: =(E27-E34)/G17 -> 93.724071 | H18: 94 | I18: =G47+G30*I16 -> 6.6682464 | J18: 124 | K18: =(1+K17*G22)/I43 -> 1.0722159 | M18: 齿根高 | Q18: =I18 -> 6.6682464
B19: 6 | C19: =T5 -> 190.5 | D19: 35 | E19: =C39/E18 -> 0.47980764 | F19: 65 | G19: =G18/E49 -> 95.249982 | H19: 95 | I19: =Y8*G32+0.05 -> 0.91205423 | J19: 125 | K19: =I28*K18 -> 0.90949754 | M19: 工作齿高 | Q19: =I21 -> 8.5280811
B20: 7 | C20: =V5 -> 95.25 | E20: =ATAN(E19) -> 0.44736362 | F20: 66 | G20: =C20/G19 -> 1.0000002 | H20: 96 | I20: =I17+I18 -> 9.4401353 | J20: 126 | K20: =C27-E40*G32+E40*G46 -> 80.190068 | M20: 全齿高 | Q20: =I20 -> 9.4401353
B21: 8 | C21: =M7 -> 54 | D21: 36 | E21: =DEGREES(E20) -> 25.632047 | G21: =POWER(E18,2) -> 0.1502737 | H21: 97 | I21: =I20-I19 -> 8.5280811 | J21: 127 | K21: =I43*K20+G30*K19 -> 88.475051 | M21: 节锥定点到交错点的距离 | Q21: =G27 -> -3.5427905
C22: =RADIANS(C21) -> 0.9424778 | D22: 37 | E22: =COS(E20) -> 0.90159071 | F22: 67 | G22: =G21/(1+G21) -> 0.13064169 | H22: 98 | I22: =E38+G48 -> 64.445208 | J22: 128 | K22: =G32-G32*C16 -> 4.2051426 | M22: 面锥顶点到交错点的距离 | P22: =K14 -> 15.515472 | Q22: =I37 -> -4.8124768
B23: 9 | C23: =TAN(C22) -> 1.3763819 | D23: 38 | E23: =E16/E22 -> 0.40089576 | G23: =1+G21 -> 1.1502737 | I23: =RADIANS(I22) -> 1.1247811 | J23: 129 | K23: =K21-K19*C17 -> 61.917723 | M23: 根锥顶点到交错点的距离 | P23: =K36 -> 23.86825 | Q23: =I38 -> -1.8193945
B24: 10 | C24: =1.2*C16 -> 0.46829268 | E24: =ASIN(E23) -> 0.41249441 | F24: 68 | G24: =POWER(G23,1/2) -> 1.0725081 | H24: 99 | I24: =SIN(I23) -> 0.90217317 | J24: 130 | K24: =K21+I40*K22 -> 89.930948 | M24: 轮冠到交错点的距离 | P24: =K25 -> 89.93 | Q24: =I34 -> 50.973216
C25: =ACOS(C24) -> 1.0834388 | D25: 39 | E25: =DEGREES(E24) -> 23.634189 | F25: 69 | G25: =C16*G24 -> 0.41853976 | H25: 100 | I25: =COS(I23) -> 0.43137405 | J25: 131 | K25: =ROUND(K24,2) -> 89.93 | M25: 前冠到交错点的距离 | P25: =K27 -> 60.46
B26: 11 | C26: =SIN(C25) -> 0.88357341 | D26: 40 | E26: =COS(E24) -> 0.91612367 | F26: 70 | G26: =E39*E41 -> 46.672422 | H26: 101 | I26: =E38-I14 -> 58.020865 | J26: 132 | K26: =K23-I40*K22 -> 60.461826 | M26: 节锥角 | P26: =E21 -> 25.632047 | Q26: =E38 -> 62.357297
B27: 12 | C27: =(C19-C17*C26)/2 -> 82.349828 | D27: 41 | E27: =(C31+E14-E26)/E23 -> 1.4018271 | F27: 71 | G27: =C27*E35-G26 -> -3.5427905 | I27: =RADIANS(I26) -> 1.0126551 | J27: 133 | K27: =ROUND(K26,2) -> 60.46 | M27: 面锥角 | P27: =I47 -> 29.792219 | Q27: =I22 -> 64.445208
B28: 13 | C28: =C18*C26/C27 -> 0.41415913 | E28: =ATAN(E27) -> 0.95116356 | F28: 72 | G28: =C27/E39 -> 92.960526 | H28: 102 | I28: =SIN(I27) -> 0.84824102 | J28: 134 | K28: =K14+K25 -> 105.44547 | M28: 根锥角 | P28: =K39 -> 23.638672 | Q28: =I26 -> 58.020865
C29: =ASIN(C28) -> 0.42701879 | D29: 42 | E29: =DEGREES(E28) -> 54.497657 | F29: 73 | G29: =0.5*C19/E39 -> 107.52287 | H29: 103 | I29: =COS(I27) -> 0.52961039 | J29: 135 | K29: =I49*K28/0.5 -> 120.74035 | M29: 中点螺旋角 | P29: =E29 -> 54.497657 | Q29: =E31 -> 30.863468
B30: 14 | C30: =COS(C29) -> 0.91020449 | D30: 43 | E30: =COS(E28) -> 0.58073624 | F30: 74 | G30: =G29-G28 -> 14.562347 | I30: =TAN(I27) -> 1.6016321 | J30: 136 | K30: =G26*I25/I24+C27 -> 104.66624 | M30: 旋向 | P30: =Z6 -> 0 | Q30: =Y6 -> 右旋
B31: 15 | C31: =C30+C23*C28 -> 1.4802456 | D31: 44 | E31: =E29-E25 -> 30.863468 | F31: 74 | G31: =N7 -> 4 | H31: 104 | I31: =1/I30 -> 0.6243631 | J31: 137 | K31: =C18/K30 -> 0.3687913 | M31: 节锥直径 | Q31: =C19 -> 190.5
B32: 16 | C32: =C16*C27 -> 32.136518 | E32: =RADIANS(E31) -> 0.53866914 | F32: 75 | G32: =G31*C27*E33/C15 -> 6.8964339 | H32: 105 | I32: =I17*E40/0.5+C19 -> 193.07207 | K32: =ASIN(K31) -> 0.37770832 | M32: 侧隙 | P32: =V7 -> 0.20--0.30
B33: 17 | C33: =C31*C32 -> 47.569941 | D33: 45 | E33: =COS(E32) -> 0.85839216 | F33: 76 | G33: =C27*E34/C20 -> 0.51668315 | H33: 106 | I33: =G26+G30*E40 -> 53.428716 | J33: 138 | K33: =DEGREES(K32) -> 21.641093 | M33: 刀具直径 | P33: =C20*2 -> 190.5
B34: 18 | C34: =(C27+C16*C33)/C16 -> 258.59138 | D34: 46 | E34: =TAN(E32) -> 0.59762201 | F34: 77 | G34: =E39/E33-G33 -> 0.51531373 | H34: 107 | I34: =I33-I17*E39 -> 50.973216 | J34: 139 | K34: =COS(K32) -> 0.92951223 | M34: 外径 | P34: =K29 -> 120.74035 | Q34: =I32 -> 193.07207
B35: 19 | C35: =K47*C34 -> 203.90757 | D35: 47 | E35: =C36/E16 -> 0.52373675 | F35: 78 | G35: =R7 -> 38 | H35: 108 | I35: =(G28*G50-G46)/I24 -> 1.2696863 | J35: 140 | K35: =(I24*I37+I19)/I25 -> -7.9504857
B36: 20 | C36: =C18/C35 -> 0.18930145 | E36: =1/E35 -> 1.9093562 | G36: =RADIANS(G35) -> 0.66322512 | H36: 109 | I36: =(G28*I16-G47)/I28 -> 1.723396 | J36: 141 | K36: =(C18*K31-K35)/K34 -> 23.86825
C37: =ATAN(C36) -> 0.18708765 | E37: =ATAN(E36) -> 1.0883401 | F37: 79 | G37: =SIN(G36) -> 0.61566148 | H37: 110 | I37: =G27-I35 -> -4.8124768 | J37: 142 | K37: =I25*K34 -> 0.40096745
B38: 21 | C38: =COS(C37) -> 0.98255009 | D38: 48 | E38: =DEGREES(E37) -> 62.357297 | F38: 80 | G38: =G35/2 -> 19 | H38: 111 | I38: =G27+I36 -> -1.8193945 | K38: =ASIN(K37) -> 0.41257266
B39: 22 | C39: =C36*C38 -> 0.18599816 | D39: 49 | E39: =SIN(E37) -> 0.88585803 | G39: =RADIANS(G38) -> 0.33161256 | H39: 112 | I39: =C27+G26*I31 -> 111.49037 | J39: 143 | K39: =DEGREES(K38) -> 23.638672
B40: 23 | C40: =C18-C33*C39 -> 29.752079 | D40: 50 | E40: =COS(E37) -> 0.46395641 | F40: 81 | G40: =COS(G39) -> 0.94551858 | H40: 113 | I40: =C18/I39 -> 0.34621825 | J40: 144 | K40: =COS(K38) -> 0.9160923
B41: 24 | C41: =C40/C27 -> 0.3612889 | D41: 51 | E41: =(C33+C27*E15)/E22 -> 52.68612 | F41: 82 | G41: =TAN(G39) -> 0.34432761 | I41: =POWER(I40,2) -> 0.11986708 | J41: 145 | K41: =TAN(K38) -> 0.43769329
C42: =ASIN(C41) -> 0.36964979 | D42: 52 | E42: =C27/E40 -> 177.49475 | F42: 83 | G42: =G34/G41 -> 1.4965797 | I42: =1-I41 -> 0.88013292 | J42: 146 | K42: 0.1016
B43: 25 | C43: =TAN(C42) -> 0.38746032 | D43: 53 | E43: =E41+E42 -> 230.18087 | F43: 84 | G43: =176*G42/C15 -> 6.4243423 | H43: 114 | I43: =POWER(I42,1/2) -> 0.938154 | J43: 147 | K43: 0.1524
B44: 26 | C44: =C39/C43 -> 0.48004441 | D44: 54 | E44: =C27*E33/E39 -> 79.796587 | F44: 85 | G44: =T7 -> 0.325 | H44: 115 | I44: =I40/I43 -> 0.36904203 | J44: 148 | K44: =G50+I16 -> 0.11204562
C45: =ASIN(C44) -> 0.50070534 | D45: 55 | E45: =E30*E41/E19 -> 63.768762 | F45: 86 | G45: =1.125-G44 -> 0.8 | H45: 116 | I45: =I29*I43 -> 0.49685611 | J45: 149 | K45: =I20-C17*K44 -> 6.1684031
B46: 27 | C46: =COS(C45) -> 0.87724419 | D46: 56 | E46: =(E27*E45-E34*E44)/E43 -> 0.18118178 | F46: 87 | G46: =G32*G44 -> 2.241341 | I46: =ASIN(I45) -> 0.51997231 | J46: 150 | K46: =G29-C17 -> 78.322872
B47: 28 | C47: =C41/C46 -> 0.4118453 | E47: =ATAN(E46) -> 0.17923739 | F47: 88 | G47: =G32*G45+0.05 -> 5.5671471 | H47: 117 | I47: =DEGREES(I46) -> 29.792219 | K47: =P7 -> 0.788532
C48: =ASIN(C47) -> 0.42447815 | D48: 57 | E48: =DEGREES(E47) -> 10.269546 | F48: 89 | G48: =G43*G44 -> 2.0879112 | H48: 118 | I48: =COS(I46) -> 0.86783294 | K48: =C19/C15 -> 4.6463415
B49: 29 | C49: =COS(C48) -> 0.91125378 | D49: 58 | E49: =COS(E47) -> 0.98397994 | G49: =RADIANS(G48) -> 0.036440926 | H49: 119 | I49: =TAN(I46) -> 0.57252506
B50: 30 | C50: =(C31-C49)/C47 -> 1.3815669 | D50: 59 | E50: =E27*E46/E41 -> 0.0048207292 | F50: 90 | G50: =SIN(G49) -> 0.036432861 | H50: 120 | I50: =(I28*I38+I19)/I29 -> -1.1918777

Sheet 内齿轮插齿顶切验算
A1: 内齿轮插齿顶切验算 | G1: 编号： | H1: 15 | J1: 8044*
A2: 说明：本程序适用于变位和非变位直齿、斜齿内齿轮采取常用标准直齿插齿刀和其它插齿刀插齿顶切的验算。
A3: 主要参考书目：《齿轮手册》 上、下册
F4: 程序设计： 邓时俊 2002.05
A5: 注意：本程序有“单变量求解”，应从工具--选项--重新计算中设置反复操作，最多迭代次数10000，最大误差0.00001。
A6: 说明：请在兰色框中输入已定或初定数据（黄色框中为判断或参考数据）。输出数据在最后列表，可单独打印。
A7: 产品型号： | E7: 订 货 号： | G7: 10026
A8: 零件件号： | C8: 30201
A9: 计 算 人 ： | E9: 计算日期：
A10: 螺 旋 方 向 | B10: =IF(C10="L","左旋",IF(C10="R","右旋","直齿")) -> 直齿 | D10: =IF(OR(C10="",C10="L",C10="R"),"","错误！") | E10: 注：左旋输入 L，右旋输入 R，直齿不输入。
A11: 内 齿 轮 齿 数 | B11: Z2 | C11: 36
A12: 模 数 | B12: m n | C12: 3 | D12: 毫米
A13: 压 力 角 | B13: αn | C13: 20 | D13: 度 | E13: 注：如不输入,则默认 20 度
A14: 分度圆柱螺旋角 | B14: βf | D14: 度 | F14: 分 | H14: 秒 | I14: 注: 也可不输入分和秒, 以小数点输入度.
C15: =C14+E14/60+G14/3600 -> 0 | D15: 度
A16: 有 效 齿 宽 | B16: b | C16: 15 | D16: 毫米
A17: 齿 顶 高 系 数 | B17: ha* | E17: 注：如不输入,则默认 1
C18: =IF(C17="",1,C17) -> 1
A19: 顶 隙 系 数 | B19: c* | E19: 注：如不输入,则默认 0.25
C20: =IF(C19="",0.25,C19) -> 0.25
A21: 变 位 系 数 | B21: x 2 | C21: 0.5
A22: 基 圆 直 径 | B22: d b | C22: =ROUNDUP(G74,3) -> 101.487 | D22: 毫米
A23: 齿顶圆直径计算值 | B23: da0 | C23: =IF(C12*(C11-2*(C18-C21))<G74,C22,ROUND(C12*(C11-2*(C18-C21)),3)) -> 105 | D23: 毫米
A24: 齿顶圆直径实际值 | B24: da | D24: 毫米 | E24: =IF(C24="","注：如不输入,则默认计算值。",IF(C24<G74,"错误！应大于或等于基圆直径。","")) -> 注：如不输入,则默认计算值。
A25: 常用标准直齿插齿刀验算：
C26: =IF(OR(C15<>0,C18<>1,C20<>0.25,DEGREES(C65)<>20,AND(D26="*",E26="*",F26="*",G26="*",H26="*",I26="*")),"无标准插齿刀可选！","按后面的数据选取：") -> 按后面的数据选取： | D26: =IF(OR(C15<>0,C18<>1,C20<>0.25,G73-C12<25),"*",IF(OR(C12=1,C12=1.25,C12=1.5,C12=1.75,C12=2,C12=2.25,C12=2.5,C12=2.75),25,"*")) -> * | E26: =IF(OR(C15<>0,C18<>1,C20<>0.25,G73-C12<25),"*",IF(OR(C12=1,C12=1.25,C12=1.5,C12=1.75,C12=2,C12=2.25,C12=2.5,C12=2.75,C12=3,C12=3.25,C12=3.5,C12=3.75),38,"*")) -> 38 | F26: =IF(OR(C15<>0,C18<>1,C20<>0.25,G73-C12<25),"*",IF(OR(C12=1,C12=1.25,C12=1.5,C12=1.75,C12=2,C12=2.25,C12=2.5,C12=2.75,C12=3,C12=3.25,C12=3.5),50,"*")) -> 50 | G26: =IF(OR(C15<>0,C18<>1,C20<>0.25,G73-C12<25),"*",IF(OR(C12=1,C12=1.25,C12=1.5,C12=1.75,C12=2,C12=2.25,C12=2.5,C12=2.75,C12=3,C12=3.25,C12=3.5,C12=3.75,C12=4),75,"*")) -> 75 | H26: =IF(OR(C15<>0,C18<>1,C20<>0.25,G73-C12<25),"*",IF(OR(C12=1,C12=1.25,C12=1.5,C12=1.75,C12=2,C12=2.25,C12=2.5,C12=2.75,C12=3,C12=3.25,C12=3.5,C12=3.75,C12=4,C12=4.5,C12=5,C12=5.5,C12=6),100,"*")) -> 100 | I26: =IF(OR(C15<>0,C18<>1,C20<>0.25,G73-C12<25),"*",IF(OR(C12=4,C12=4.5,C12=5,C12=5.5,C12=6,C12=6.5,C12=7,C12=8),125,"*")) -> *
A27: 插齿刀公称分度圆直径 | C27: 75 | D27: =IF(AND(D26="*",E26="*",F26="*",G26="*",H26="*",I26="*",C27<>""),"取消！",IF(OR(C15<>0,C12>8,C12<1,AND(D26="*",E26="*",F26="*",G26="*",H26="*",I26="*")),"",IF(OR(C27=E26,C27=F26,C27=G26,C27=H26,C27=I26),"毫米",IF(C27="","注：如不输入，则默认以上较小直径插齿刀","错误！")))) -> 毫米
C28: =IF(C27<>"",C27,IF(AND(C27=0,D26<>"*"),D26,IF(AND(C27=0,D26="*",E26<>"*"),E26,IF(AND(C27=0,D26="*",E26="*",F26<>"*"),F26,IF(AND(C27=0,D26="*",E26="*",F26="*",G26<>"*"),G26,IF(AND(C27=0,D26="*",E26="*",F26="*",G26="*",H26<>"*"),H26,I26)))))) -> 75
